… Elap… T… Analysis (Stage 1) | 1138 funcs, 29952 blocks | 0/306 IJs | 445.87 MB…
[timing]   _set_function_graph took 16.708753 milliseconds.
[timing]   _remove_alignment_blocks took 0.587172 milliseconds.
[timing]   _recover_calling_conventions took 82.451542 milliseconds.
[timing]   _convert_all took 1.306927 seconds (1306.927380 milliseconds).
[timing]   _make_ailgraph took 13.164946 milliseconds.
[timing]     SwitchDefaultCaseDuplicator took 0.047703 milliseconds.
[timing]     SwitchReusedEntryRewriter took 0.019779 milliseconds.
[timing]   _run_simplification_passes took 1.018300 milliseconds.
[timing]   _replace_single_target_indirect_transitions took 0.740630 milliseconds.
[timing]   _replace_tail_jumps_with_calls took 0.750658 milliseconds.
[timing]   _fix_special_call_calling_conventions took 0.433731 milliseconds.
[timing]   _run_simplification_passes took 0.764601 milliseconds.
[timing]   _make_argument_list took 0.044084 milliseconds.
[timing]   _create_function_argument_vvars took 0.014720 milliseconds.
[timing]   _transform_to_ssa_level0 took 1.140169 seconds (1140.169476 milliseconds).
[timing]       _compute_propagation took 630.724559 milliseconds.
[timing]     _simplify_function_once took 2.097490 seconds (2097.490271 milliseconds).
[timing]   _simplify_function took 2.097509 seconds (2097.509311 milliseconds).
[timing]   _track_stack_pointers took 239.403548 milliseconds.
[timing]   _simplify_blocks took 8.122117 seconds (8122.116973 milliseconds).
[timing]     RegisterSaveAreaSimplifier took 0.206757 milliseconds.
[timing]     ConstantDereferencesSimplifier took 18.341271 milliseconds.
[timing]       _find_const_conditions took 1.570764 milliseconds.
[timing]     ConditionConstantPropagation took 1.604328 milliseconds.
[timing]   _run_simplification_passes took 21.608555 milliseconds.
[timing]       _compute_propagation took 494.923279 milliseconds.
[timing]         _remove_dead_assignments took 1.380888 seconds (1380.887778 milliseconds).
[timing]         _remove_dead_assignments took 152.808807 milliseconds.
[timing]         _remove_dead_assignments took 149.505144 milliseconds.
[timing]         _remove_dead_assignments took 138.282238 milliseconds.
[timing]       _iteratively_remove_dead_assignments took 1.847827 seconds (1847.827142 milliseconds).
[timing]         _remove_dead_assignments took 136.621917 milliseconds.
[timing]         _remove_dead_assignments took 129.428929 milliseconds.
[timing]       _iteratively_remove_dead_assignments took 266.685025 milliseconds.
[timing]     _simplify_function_once took 3.819421 seconds (3819.421016 milliseconds).
[timing]       _compute_propagation took 57.380820 milliseconds.
[timing]         _remove_dead_assignments took 15.366718 milliseconds.
[timing]         _remove_dead_assignments took 124.384669 milliseconds.
[timing]       _iteratively_remove_dead_assignments took 147.289796 milliseconds.
[timing]         _remove_dead_assignments took 3.900067 milliseconds.
[timing]       _iteratively_remove_dead_assignments took 3.910968 milliseconds.
[timing]     _simplify_function_once took 390.051298 milliseconds.
[timing]       _compute_propagation took 43.117646 milliseconds.
[timing]         _remove_dead_assignments took 10.057643 milliseconds.
[timing]         _remove_dead_assignments took 117.107535 milliseconds.
[timing]       _iteratively_remove_dead_assignments took 134.518414 milliseconds.
[timing]         _remove_dead_assignments took 3.183969 milliseconds.
[timing]       _iteratively_remove_dead_assignments took 3.195744 milliseconds.
[timing]     _simplify_function_once took 345.310539 milliseconds.
[timing]       _compute_propagation took 31.054763 milliseconds.
[timing]         _remove_dead_assignments took 4.057021 milliseconds.
[timing]         _remove_dead_assignments took 114.548722 milliseconds.
[timing]       _iteratively_remove_dead_assignments took 119.497117 milliseconds.
[timing]         _remove_dead_assignments took 3.268010 milliseconds.
[timing]       _iteratively_remove_dead_assignments took 3.280643 milliseconds.
[timing]     _simplify_function_once took 283.530603 milliseconds.
[timing]       _compute_propagation took 30.739376 milliseconds.
[timing]         _remove_dead_assignments took 3.229013 milliseconds.
[timing]       _iteratively_remove_dead_assignments took 3.242527 milliseconds.
[timing]         _remove_dead_assignments took 3.147963 milliseconds.
[timing]       _iteratively_remove_dead_assignments took 3.157239 milliseconds.
[timing]     _simplify_function_once took 163.216275 milliseconds.
[timing]   _simplify_function took 5.001571 seconds (5001.570674 milliseconds).
[timing]   _simplify_blocks took 596.693302 milliseconds.
[timing]   _run_simplification_passes took 1.062702 milliseconds.
[timing]   _transform_to_ssa_level1 took 783.934367 milliseconds.
[timing]     RegisterSaveAreaSimplifierAdvanced took 70.025900 milliseconds.
[timing]   _run_simplification_passes took 71.675921 milliseconds.
[timing]   _make_callsites took 119.338870 milliseconds.
[timing]     CallStatementRewriter took 1.115406 milliseconds.
[timing]   _run_simplification_passes took 2.141233 milliseconds.
[timing]         _remove_dead_assignments took 79.856719 milliseconds.
[timing]         _remove_dead_assignments took 69.946761 milliseconds.
[timing]         _remove_dead_assignments took 65.824565 milliseconds.
[timing]       _iteratively_remove_dead_assignments took 218.236381 milliseconds.
[timing]       _narrow_exprs took 12.236694 milliseconds.
[timing]       _compute_propagation took 33.886256 milliseconds.
[timing]         _remove_dead_assignments took 4.799800 milliseconds.
[timing]         _remove_dead_assignments took 56.756793 milliseconds.
[timing]       _iteratively_remove_dead_assignments took 62.302796 milliseconds.
[timing]         _remove_dead_assignments took 3.802982 milliseconds.
[timing]       _iteratively_remove_dead_assignments took 3.812429 milliseconds.
[timing]         _compute_equivalence took 4.342506 milliseconds.
[timing]       _unify_local_variables took 7.182488 milliseconds.
[timing]         _compute_equivalence took 2.837847 milliseconds.
[timing]       _fold_call_exprs took 56.179913 milliseconds.
[timing]         _remove_dead_assignments took 57.081232 milliseconds.
[timing]         _remove_dead_assignments took 54.918978 milliseconds.
[timing]       _iteratively_remove_dead_assignments took 112.506983 milliseconds.
[timing]     _simplify_function_once took 585.299841 milliseconds.
[timing]       _compute_propagation took 31.149828 milliseconds.
[timing]         _remove_dead_assignments took 4.560523 milliseconds.
[timing]         _remove_dead_assignments took 54.098484 milliseconds.
[timing]       _iteratively_remove_dead_assignments took 59.205769 milliseconds.
[timing]         _remove_dead_assignments took 3.783621 milliseconds.
[timing]       _iteratively_remove_dead_assignments took 3.793621 milliseconds.
[timing]         _compute_equivalence took 2.994803 milliseconds.
[timing]       _unify_local_variables took 5.060587 milliseconds.
[timing]         _compute_equivalence took 2.773412 milliseconds.
[timing]       _fold_call_exprs took 3.063038 milliseconds.
[timing]         _remove_dead_assignments took 3.706323 milliseconds.
[timing]       _iteratively_remove_dead_assignments took 3.715880 milliseconds.
[timing]     _simplify_function_once took 168.567032 milliseconds.
[timing]       _compute_propagation took 30.836060 milliseconds.
[timing]         _remove_dead_assignments took 3.580315 milliseconds.
[timing]       _iteratively_remove_dead_assignments took 3.592322 milliseconds.
[timing]         _remove_dead_assignments took 3.740847 milliseconds.
[timing]       _iteratively_remove_dead_assignments took 3.750236 milliseconds.
[timing]         _compute_equivalence took 2.860099 milliseconds.
[timing]       _unify_local_variables took 4.863540 milliseconds.
[timing]         _compute_equivalence took 2.742080 milliseconds.
[timing]       _fold_call_exprs took 3.022116 milliseconds.
[timing]         _remove_dead_assignments took 3.612914 milliseconds.
[timing]       _iteratively_remove_dead_assignments took 3.618878 milliseconds.
[timing]     _simplify_function_once took 109.681276 milliseconds.
[timing]   _simplify_function took 863.566911 milliseconds.
[timing]   _simplify_blocks took 363.794259 milliseconds.
[timing]     StackCanarySimplifier took 0.039310 milliseconds.
[timing]     BasePointerSaveSimplifier took 0.063150 milliseconds.
[timing]     ITERegionConverter took 31.714934 milliseconds.
[timing]     ReturnDuplicatorHigh took 0.020307 milliseconds.
[timing]     InlinedStringTransformationSimplifier took 1.037792 milliseconds.
[timing]     InlinedStrlenSimplifier took 1.806393 milliseconds.
[timing]     DetermineLoadSizes took 1.354746 milliseconds.
[timing]   _run_simplification_passes took 47.108192 milliseconds.
[timing]         _remove_dead_assignments took 52.904042 milliseconds.
[timing]         _remove_dead_assignments took 53.088690 milliseconds.
[timing]         _remove_dead_assignments took 53.070831 milliseconds.
[timing]       _iteratively_remove_dead_assignments took 159.817964 milliseconds.
[timing]       _narrow_exprs took 3.517061 milliseconds.
[timing]       _compute_propagation took 27.877689 milliseconds.
[timing]         _remove_dead_assignments took 3.496458 milliseconds.
[timing]       _iteratively_remove_dead_assignments took 3.504158 milliseconds.
[timing]         _remove_dead_assignments took 3.537839 milliseconds.
[timing]       _iteratively_remove_dead_assignments took 3.546057 milliseconds.
[timing]         _compute_equivalence took 2.699894 milliseconds.
[timing]       _unify_local_variables took 5.880398 milliseconds.
[timing]         _compute_equivalence took 2.597399 milliseconds.
[timing]       _fold_call_exprs took 2.817917 milliseconds.
[timing]         _remove_dead_assignments took 53.400393 milliseconds.
[timing]         _remove_dead_assignments took 53.690915 milliseconds.
[timing]       _iteratively_remove_dead_assignments took 107.495317 milliseconds.
[timing]     _simplify_function_once took 325.798081 milliseconds.
[timing]       _compute_propagation took 27.636322 milliseconds.
[timing]         _remove_dead_assignments took 3.591540 milliseconds.
[timing]       _iteratively_remove_dead_assignments took 3.604191 milliseconds.
[timing]         _remove_dead_assignments took 3.604033 milliseconds.
[timing]       _iteratively_remove_dead_assignments took 3.613769 milliseconds.
[timing]         _compute_equivalence took 2.654060 milliseconds.
[timing]       _unify_local_variables took 4.597820 milliseconds.
[timing]         _compute_equivalence took 2.602210 milliseconds.
[timing]       _fold_call_exprs took 2.826900 milliseconds.
[timing]         _remove_dead_assignments took 3.483259 milliseconds.
[timing]       _iteratively_remove_dead_assignments took 3.489020 milliseconds.
[timing]     _simplify_function_once took 107.991656 milliseconds.
[timing]   _simplify_function took 433.803614 milliseconds.
[timing]   _simplify_blocks took 353.805136 milliseconds.
[timing]         _remove_dead_assignments took 54.490254 milliseconds.
[timing]       _iteratively_remove_dead_assignments took 54.502670 milliseconds.
[timing]       _narrow_exprs took 3.175772 milliseconds.
[timing]       _compute_propagation took 27.889400 milliseconds.
[timing]         _remove_dead_assignments took 3.566058 milliseconds.
[timing]       _iteratively_remove_dead_assignments took 3.573646 milliseconds.
[timing]         _remove_dead_assignments took 3.541188 milliseconds.
[timing]       _iteratively_remove_dead_assignments took 3.550574 milliseconds.
[timing]         _compute_equivalence took 2.568554 milliseconds.
[timing]       _unify_local_variables took 4.508643 milliseconds.
[timing]         _compute_equivalence took 2.600504 milliseconds.
[timing]       _fold_call_exprs took 2.821307 milliseconds.
[timing]         _remove_dead_assignments took 3.554626 milliseconds.
[timing]       _iteratively_remove_dead_assignments took 3.563587 milliseconds.
[timing]     _simplify_function_once took 114.643793 milliseconds.
[timing]   _simplify_function took 114.652399 milliseconds.
[timing]     EagerStdStringConcatenationPass took 0.048223 milliseconds.
[timing]   _run_simplification_passes took 0.945401 milliseconds.
[timing]   _collect_dephi_vvar_mapping_and_rewrite_blocks took 2.111777 seconds (2111.776996 milliseconds).
[timing]   _recover_and_link_variables took 3.806760 seconds (3806.759955 milliseconds).
[timing]   _run_simplification_passes took 1.578385 milliseconds.
[timing]   _make_function_prototype took 0.028386 milliseconds.
[timing]   remove_empty_nodes took 0.193855 milliseconds.
[timing]     DeadblockRemover took 0.015371 milliseconds.
[timing]   _run_graph_simplification_passes took 0.844166 milliseconds.
[timing]     ITEExprConverter took 0.013218 milliseconds.
[timing]     LoweredSwitchSimplifier took 25.490974 milliseconds.
[timing]     ReturnDuplicatorLow took 0.030285 milliseconds.
[timing]     ReturnDeduplicator took 39.084204 milliseconds.
[timing]   _run_region_simplification_passes took 951.954968 milliseconds.
[timing]     ExprOpSwapper took 0.005562 milliseconds.
[timing]     FlipBooleanCmp took 5.861932 milliseconds.
[timing]     PostStructuringPeepholeOptimizationPass took 209.750710 milliseconds.
[timing]   _run_post_structuring_simplification_passes took 215.685871 milliseconds.
[timing] _decompile took 30.643193 seconds (30643.193352 milliseconds).
extern void RES0__INSTANCE0;
extern unsigned long long __CURRENT_TIME;
extern char __DEBUG;
extern char g_45d921;
extern unsigned short g_45d922;
extern char g_45d924;
extern char g_45d925;
extern char g_45d926;
extern char g_45d927;
extern char g_45d928;
extern char g_45d929;
extern char g_45d92a;
extern char g_45d92b;
extern char g_45d92c[4];
extern char g_45d92d;
extern struct_0 *g_45d92e;
extern char g_45d92f;
extern void g_45d930;
extern char g_45d931;
extern char g_45d932;
extern char g_45d933;
extern char g_45d934;
extern char g_45d935;
extern char g_45d936;
extern char g_45d937;
extern char g_45d938;
extern char g_45d93a;
extern char g_45d93c;
extern char g_45d93e;
extern char g_45d940;
extern char g_45d941;
extern char g_45d942;
extern char g_45d943;
extern char g_45d944;
extern char g_45d945;
extern char g_45d946;
extern char g_45d947;
extern char g_45d948;
extern char g_45d949;
extern char g_45d94a;
extern char g_45d94b;
extern char g_45d94c;
extern char g_45d94d;
extern char g_45d94e;
extern char g_45d94f;
extern char g_45d950;
extern char g_45d951;
extern char g_45d952;
extern char g_45d953;
extern char g_45d954;
extern char g_45d955;
extern char g_45d956;
extern char g_45d957;
extern char g_45d958;
extern char g_45d959;
extern char g_45d95a;
extern char g_45d95b;
extern char g_45d95c;
extern char g_45d95d;
extern char g_45d95e;
extern char g_45d95f;
extern char g_45d960;
extern char g_45d961;
extern char g_45d962;
extern char g_45d963;
extern char g_45d964;
extern char g_45d965;
extern char g_45d966;
extern char g_45d967;
extern char g_45d968;
extern char g_45d969;
extern char g_45d96a;
extern char g_45d96b;
extern char g_45d96c;
extern char g_45d96d;
extern char g_45d96e;
extern char g_45d96f;
extern char g_45d970;
extern char g_45d971;
extern char g_45d972;
extern char g_45d973;
extern char g_45d974;
extern char g_45d975;
extern char g_45d976;
extern char g_45d977;
extern char g_45d978;
extern char g_45d979;
extern char g_45d97a;
extern char g_45d97b;
extern char g_45d97c;
extern char g_45d97d;
extern char g_45d97e;
extern char g_45d97f;
extern char g_45d980;
extern char g_45d981;
extern char g_45d982;
extern char g_45d983;
extern char g_45d984;
extern char g_45d985;
extern char g_45d986;
extern char g_45d987;
extern char g_45d988;
extern char g_45d989;
extern char g_45d98a;
extern char g_45d98b;
extern char g_45d98c;
extern char g_45d98d;
extern char g_45d98e;
extern unsigned int g_45d990;
extern unsigned int g_45d994;
extern char g_45d99c;
extern char g_45d99d;
extern char g_45d99e;
extern unsigned int g_45d9a0;
extern unsigned int g_45d9a4;
extern char g_45d9ac;
extern char g_45d9ad;
extern char g_45d9ae;
extern unsigned int g_45d9b0;
extern unsigned int g_45d9b4;
extern char g_45d9bc;
extern char g_45d9bd;
extern char g_45d9be;
extern unsigned int g_45d9c0;
extern unsigned int g_45d9c4;
extern char g_45d9cc;
extern char g_45d9cd;
extern char g_45d9ce;
extern unsigned int g_45d9d0;
extern unsigned int g_45d9d4;
extern char g_45d9dc;
extern char g_45d9dd;
extern char g_45d9de;
extern unsigned int g_45d9e0;
extern unsigned int g_45d9e4;
extern char g_45d9ec;
extern char g_45d9ed;
extern char g_45d9ee;
extern unsigned int g_45d9f0;
extern unsigned int g_45d9f4;
extern char g_45d9fc;
extern char g_45d9fd;
extern char g_45d9fe;
extern unsigned int g_45da00;
extern unsigned int g_45da04;
extern char g_45da0c;
extern char g_45da0d;
extern char g_45da0e;
extern unsigned int g_45da10;
extern unsigned int g_45da14;
extern char g_45da1c;
extern char g_45da1d;
extern char g_45da1e;
extern unsigned int g_45da20;
extern unsigned int g_45da24;
extern char g_45da2c;
extern char g_45da2d;
extern char g_45da2e;
extern unsigned int g_45da30;
extern unsigned int g_45da34;
extern char g_45da3c;
extern char g_45da3d;
extern char g_45da3e;
extern unsigned int g_45da40;
extern unsigned int g_45da44;
extern char g_45da4c;
extern char g_45da4d;
extern char g_45da4e;
extern unsigned int g_45da50;
extern unsigned int g_45da54;
extern char g_45da5c;
extern char g_45da5d;
extern char g_45da5e;
extern unsigned int g_45da60;
extern unsigned int g_45da64;
extern char g_45da6c;
extern char g_45da6d;
extern char g_45da6e;
extern unsigned int g_45da70;
extern unsigned int g_45da74;
extern char g_45da7c;
extern char g_45da7d;
extern char g_45da7e;
extern unsigned int g_45da80;
extern unsigned int g_45da84;
extern char g_45da8c;
extern char g_45da8d;
extern char g_45da8e;
extern unsigned int g_45da90;
extern unsigned int g_45da94;
extern char g_45da9c;
extern char g_45da9d;
extern char g_45da9e;
extern unsigned int g_45daa0;
extern unsigned int g_45daa4;
extern char g_45daac;
extern char g_45daad;
extern char g_45daae;
extern unsigned int g_45dab0;
extern unsigned int g_45dab4;
extern char g_45dabc;
extern char g_45dabd;
extern char g_45dabe;
extern unsigned int g_45dac0;
extern unsigned int g_45dac4;
extern char g_45dacc;
extern char g_45dacd;
extern char g_45dace;
extern unsigned int g_45dad0;
extern unsigned int g_45dad4;
extern char g_45dadc;
extern char g_45dadd;
extern char g_45dade;
extern unsigned int g_45dae0;
extern unsigned int g_45dae4;
extern char g_45daec;
extern char g_45daed;
extern char g_45daee;
extern unsigned int g_45daf0;
extern unsigned int g_45daf4;
extern char g_45dafc;
extern char g_45dafd;
extern char g_45dafe;
extern unsigned int g_45db00;
extern unsigned int g_45db04;
extern char g_45db0c;
extern char g_45db0d;
extern char g_45db0e;
extern unsigned int g_45db10;
extern unsigned int g_45db14;
extern char g_45db1c;
extern char g_45db1d;
extern char g_45db1e;
extern unsigned int g_45db20;
extern unsigned int g_45db24;
extern char g_45db2c;
extern char g_45db2d;
extern char g_45db2e;
extern unsigned int g_45db30;
extern unsigned int g_45db34;
extern char g_45db3c;
extern char g_45db3d;
extern char g_45db3e;
extern unsigned int g_45db40;
extern unsigned int g_45db44;
extern char g_45db4c;
extern char g_45db4d;
extern char g_45db4e;
extern unsigned int g_45db50;
extern unsigned int g_45db54;
extern char g_45db5c;
extern char g_45db5d;
extern char g_45db5e;
extern unsigned int g_45db60;
extern unsigned int g_45db64;
extern char g_45db6c;
extern char g_45db6d;
extern char g_45db6e;
extern unsigned int g_45db70;
extern unsigned int g_45db74;
extern char g_45db7c;
extern char g_45db7d;
extern char g_45db7e;
extern unsigned int g_45db80;
extern unsigned int g_45db84;
extern char g_45db8c;
extern char g_45db8d;
extern char g_45db8e;
extern unsigned int g_45db90;
extern unsigned int g_45db94;
extern char g_45db9c;
extern char g_45db9d;
extern char g_45db9e;
extern unsigned int g_45dba0;
extern unsigned int g_45dba4;
extern char g_45dbac;
extern char g_45dbad;
extern char g_45dbae;
extern unsigned int g_45dbb0;
extern unsigned int g_45dbb4;
extern char g_45dbbc;
extern char g_45dbbd;
extern char g_45dbbe;
extern unsigned int g_45dbc0;
extern unsigned int g_45dbc4;
extern char g_45dbcc;
extern char g_45dbcd;
extern char g_45dbce;
extern unsigned int g_45dbd0;
extern unsigned int g_45dbd4;
extern unsigned short g_45dbdc;
extern char g_45dbe0[4];
extern char g_45dbe1[4];
extern char g_45dbe2[4];
extern char g_45dbe3[4];
extern char g_45dbe4[4];
extern void g_45dbe8;
extern unsigned int g_45dbec[4];
extern void g_45dbf0;
extern unsigned int g_45dbf4[4];
extern char g_45dbfb;
extern char g_45dbfc;
extern char g_45dc13;
extern char g_45dc14;
extern char g_45dc2b;
extern char g_45dc2c;
extern char g_45dc43;
extern char g_45dc44;
extern char g_45dc5b;
extern char g_45dc5c;
extern char g_45dc73;
extern char g_45dc74;
extern char g_45dc8b;
extern char g_45dc8c;
extern char g_45dca3;
extern char g_45dca4;
extern char g_45dcbb;
extern char g_45dcbc;
extern char g_45dcd3;
extern char g_45dcd4;
extern char g_45dceb;
extern char g_45dcec;
extern char g_45dd03;
extern char g_45dd04;
extern char g_45dd1b;
extern char g_45dd1c;
extern char g_45dd33;
extern char g_45dd34;
extern char g_45dd4b;
extern char g_45dd4c;
extern char g_45dd63;
extern char g_45dd64;
extern char g_45dd7b;
extern char g_45dd7c;
extern char g_45dd93;
extern char g_45dd94;
extern char g_45ddab;
extern char g_45ddac;
extern char g_45ddc3;
extern char g_45ddc4;
extern char g_45dddb;
extern char g_45dddc;
extern char g_45ddf3;
extern char g_45ddf4;
extern char g_45de0b;
extern char g_45de0c;
extern char g_45de23;
extern char g_45de24;
extern char g_45de3b;
extern char g_45de3c;
extern char g_45de53;
extern char g_45de54;
extern char g_45de6b;
extern char g_45de6c;
extern char g_45de83;
extern char g_45de84;
extern char g_45de9b;
extern char g_45de9c;
extern char g_45deb3;
extern char g_45deb4;
extern char g_45decb;
extern char g_45decc;
extern char g_45dee3;
extern char g_45dee4;
extern char g_45defb;
extern char g_45defc;
extern char g_45df13;
extern char g_45df14;
extern char g_45df2b;
extern char g_45df2c;
extern char g_45df43;
extern char g_45df44;
extern char g_45df5b;
extern char g_45df5c;
extern char g_45df73;
extern char g_45df74;
extern char g_45df8b;
extern char g_45df8c;
extern char g_45dfa3;
extern char g_45dfa4;
extern char g_45dfbb;
extern char g_45dfbc;
extern char g_45dfd3;
extern char g_45dfd4;
extern char g_45dfeb;
extern char g_45dfec;
extern char g_45e003;
extern char g_45e004;
extern char g_45e01b;
extern char g_45e01c;
extern char g_45e033;
extern char g_45e034;
extern char g_45e04b;
extern char g_45e04c;
extern unsigned short g_45e060;
extern char g_45e062;
extern char g_45e063;
extern char g_45e064;
extern char g_45e065;
extern char g_45e066;
extern char g_45e067;
extern char g_45e068;
extern char g_45e069;
extern char g_45e06a;
extern char g_45e06b;
extern char g_45e06c;
extern char g_45e06d;
extern char g_45e06e;
extern char g_45e06f;
extern char g_45e070;
extern char g_45e071;
extern char g_45e072;
extern char g_45e073;
extern char g_45e074;
extern char g_45e075;
extern char g_45e076;
extern char g_45e077;
extern char g_45e078;
extern char g_45e079;
extern char g_45e07a;
extern char g_45e07b;
extern char g_45e07c;
extern char g_45e07d;
extern char g_45e07e;
extern char g_45e07f;
extern char g_45e080;
extern char g_45e081;
extern char g_45e082;
extern char g_45e083;
extern char g_45e084;
extern char g_45e085;
extern char g_45e086;
extern char g_45e087;
extern char g_45e088;
extern char g_45e089;
extern char g_45e08a;
extern char g_45e08b;
extern char g_45e08c;
extern char g_45e08d;
extern char g_45e08e;
extern char g_45e08f;
extern char g_45e090;
extern char g_45e091;
extern char g_45e092;
extern char g_45e093;
extern char g_45e094;
extern char g_45e095;
extern char g_45e096;
extern char g_45e097;
extern char g_45e098;
extern char g_45e099;
extern char g_45e09a;
extern char g_45e09b;
extern char g_45e09c;
extern char g_45e09d;
extern char g_45e09e;
extern char g_45e09f;
extern char g_45e0a0;
extern char g_45e0a1;
extern char g_45e0a2;
extern char g_45e0a3;
extern char g_45e0a4;
extern char g_45e0a5;
extern char g_45e0a6;
extern char g_45e0a7;
extern char g_45e0a8;
extern char g_45e0a9;
extern char g_45e0aa;
extern char g_45e0ab;
extern char g_45e0ac;
extern char g_45e0ad;
extern char g_45e0ae;
extern char g_45e0af;
extern char g_45e0b0;
extern char g_45e0b1;
extern char g_45e0b2;
extern char g_45e0b3;
extern char g_45e0b4;
extern char g_45e0b5;
extern char g_45e0b6;
extern char g_45e0b7;
extern char g_45e0b8;
extern char g_45e0b9;
extern char g_45e0ba;
extern char g_45e0bb;
extern char g_45e0bc;
extern char g_45e0bd;
extern char g_45e0be;
extern char g_45e0bf;
extern char g_45e0c0;
extern char g_45e0c1;
extern char g_45e0c2;
extern char g_45e0c3;
extern char g_45e0c4;
extern char g_45e0c5;
extern char g_45e0c6;
extern char g_45e0c7;
extern char g_45e0c8;
extern char g_45e0c9;
extern char g_45e0ca;
extern char g_45e0cb;
extern char g_45e0cc;
extern char g_45e0cd;
extern char g_45e0ce;
extern char g_45e0cf;
extern char g_45e0d0;
extern char g_45e0d1;
extern char g_45e0d2;
extern char g_45e0d3;
extern char g_45e0d4;
extern char g_45e0d5;
extern char g_45e0d6;
extern char g_45e0d7;
extern char g_45e0d8;
extern char g_45e0d9;
extern char g_45e0da;
extern char g_45e0db;
extern char g_45e0dc;
extern char g_45e0dd;
extern char g_45e0de;
extern char g_45e0df;
extern char g_45e0e0;
extern char g_45e0e1;
extern char g_45e0e2;
extern char g_45e0e3;
extern char g_45e0e4;
extern char g_45e0e5;
extern char g_45e0e6;
extern char g_45e0e7;
extern char g_45e0e8;
extern char g_45e0e9;
extern char g_45e0ea;
extern char g_45e0eb;
extern char g_45e0ec;
extern char g_45e0ed;
extern char g_45e0ee;
extern char g_45e0ef;
extern char g_45e0f0;
extern char g_45e0f1;
extern char g_45e0f2;
extern char g_45e0f3;
extern char g_45e0f4;
extern char g_45e0f5;
extern char g_45e0f6;
extern char g_45e0f7;
extern char g_45e0f8;
extern char g_45e0f9;
extern char g_45e0fa;
extern char g_45e0fb;
extern char g_45e0fc;
extern char g_45e0fd;
extern unsigned short g_45e0fe;
extern unsigned long long g_45e100;

void CAR_WASH_body__(unsigned long long a0)
{
    unsigned long v0;  // [bp-0x458]
    unsigned long v1;  // [bp-0x450]
    unsigned long v3;  // [bp-0x440]
    unsigned long v4;  // [bp-0x438]
    unsigned long v6;  // [bp-0x428]
    unsigned long v7;  // [bp-0x420]
    unsigned long v9;  // [bp-0x410]
    unsigned long v10;  // [bp-0x408]
    unsigned long v12;  // [bp-0x3f8]
    unsigned long v13;  // [bp-0x3f0]
    unsigned long v15;  // [bp-0x3e0]
    unsigned long v16;  // [bp-0x3d8]
    unsigned long v18;  // [bp-0x3c8]
    unsigned long v19;  // [bp-0x3c0]
    unsigned long v21;  // [bp-0x3b0]
    unsigned long v22;  // [bp-0x3a8]
    unsigned long v24;  // [bp-0x398]
    unsigned long v25;  // [bp-0x390]
    unsigned long v27;  // [bp-0x380]
    unsigned long v28;  // [bp-0x378]
    unsigned long v30;  // [bp-0x368]
    unsigned long v31;  // [bp-0x360]
    unsigned long v33;  // [bp-0x350]
    unsigned long v34;  // [bp-0x348]
    unsigned long v36;  // [bp-0x338]
    unsigned long v37;  // [bp-0x330]
    unsigned long v39;  // [bp-0x320]
    unsigned long v40;  // [bp-0x318]
    unsigned long v42;  // [bp-0x308]
    unsigned long v43;  // [bp-0x300]
    unsigned long v45;  // [bp-0x2f0]
    unsigned long v46;  // [bp-0x2e8]
    unsigned long v48;  // [bp-0x2d8]
    unsigned long v49;  // [bp-0x2d0]
    unsigned long v51;  // [bp-0x2c0]
    unsigned long v52;  // [bp-0x2b8]
    unsigned long v54;  // [bp-0x2a8]
    unsigned long v55;  // [bp-0x2a0]
    unsigned long v57;  // [bp-0x290]
    unsigned long v58;  // [bp-0x288]
    unsigned long v60;  // [bp-0x278]
    unsigned long v61;  // [bp-0x270]
    unsigned long v63;  // [bp-0x260]
    unsigned long v64;  // [bp-0x258]
    unsigned long v66;  // [bp-0x248]
    unsigned long v67;  // [bp-0x240]
    unsigned long v69;  // [bp-0x230]
    unsigned long v70;  // [bp-0x228]
    unsigned long v72;  // [bp-0x218]
    unsigned long v73;  // [bp-0x210]
    unsigned long v75;  // [bp-0x200]
    unsigned long v76;  // [bp-0x1f8]
    unsigned long v78;  // [bp-0x1e8]
    unsigned long v79;  // [bp-0x1e0]
    unsigned long v81;  // [bp-0x1d0]
    unsigned long v82;  // [bp-0x1c8]
    unsigned long v84;  // [bp-0x1b8]
    unsigned long v85;  // [bp-0x1b0]
    unsigned long v87;  // [bp-0x1a0]
    unsigned long v88;  // [bp-0x198]
    unsigned long v90;  // [bp-0x188]
    unsigned long v91;  // [bp-0x180]
    unsigned long v93;  // [bp-0x170]
    unsigned long v94;  // [bp-0x168]
    unsigned long v96;  // [bp-0x158]
    unsigned long v97;  // [bp-0x150]
    unsigned long v99;  // [bp-0x140]
    unsigned long v100;  // [bp-0x138]
    unsigned long v102;  // [bp-0x128]
    unsigned long v103;  // [bp-0x120]
    unsigned long long v105;  // [bp-0x110]
    unsigned long long v106;  // [bp-0x108]
    unsigned long long v107;  // [bp-0x100]
    unsigned long long v108;  // [bp-0xf8]
    unsigned long long v109;  // [bp-0xf0]
    unsigned long long v110;  // [bp-0xe8]
    unsigned long long v111;  // [bp-0xe0]
    unsigned long long v112;  // [bp-0xd8]
    unsigned long long v113;  // [bp-0xd0]
    char v114;  // [bp-0xb9]
    char v115;  // [bp-0xb8]
    char v116;  // [bp-0xb7]
    char v117;  // [bp-0xb6]
    char v118;  // [bp-0xb5]
    char v119;  // [bp-0xb4]
    char v120;  // [bp-0xb3]
    char v121;  // [bp-0xb2]
    char v122;  // [bp-0xb1]
    char v123;  // [bp-0xb0]
    char v124;  // [bp-0xaf]
    char v125;  // [bp-0xae]
    char v126;  // [bp-0xad]
    char v127;  // [bp-0xac]
    char v128;  // [bp-0xab]
    char v129;  // [bp-0xaa]
    char v130;  // [bp-0xa9]
    char v131;  // [bp-0xa8]
    char v132;  // [bp-0xa7]
    char v133;  // [bp-0xa6]
    char v134;  // [bp-0xa5]
    char v135;  // [bp-0xa4]
    char v136;  // [bp-0xa3]
    char v137;  // [bp-0xa2]
    char v138;  // [bp-0xa1]
    char v139;  // [bp-0xa0]
    char v140;  // [bp-0x9f]
    char v141;  // [bp-0x9e]
    char v142;  // [bp-0x9d]
    char v143;  // [bp-0x9c]
    char v144;  // [bp-0x9b]
    char v145;  // [bp-0x9a]
    char v146;  // [bp-0x99]
    char v147;  // [bp-0x98]
    char v148;  // [bp-0x97]
    char v149;  // [bp-0x96]
    char v150;  // [bp-0x95]
    char v151;  // [bp-0x94]
    char v152;  // [bp-0x93]
    char v153;  // [bp-0x92]
    char v154;  // [bp-0x91]
    char v155;  // [bp-0x90]
    char v156;  // [bp-0x8f]
    char v157;  // [bp-0x8e]
    char v158;  // [bp-0x8d]
    char v159;  // [bp-0x8c]
    char v160;  // [bp-0x8b]
    char v161;  // [bp-0x8a]
    char v162;  // [bp-0x89]
    char v163;  // [bp-0x88]
    char v164;  // [bp-0x87]
    char v165;  // [bp-0x86]
    char v166;  // [bp-0x85]
    char v167;  // [bp-0x84]
    char v168;  // [bp-0x83]
    char v169;  // [bp-0x82]
    char v170;  // [bp-0x81]
    char v171;  // [bp-0x80]
    char v172;  // [bp-0x7f]
    char v173;  // [bp-0x7e]
    char v174;  // [bp-0x7d]
    char v175;  // [bp-0x7c]
    char v176;  // [bp-0x7b]
    char v177;  // [bp-0x7a]
    char v178;  // [bp-0x79]
    char v179;  // [bp-0x78]
    char v180;  // [bp-0x77]
    char v181;  // [bp-0x76]
    char v182;  // [bp-0x75]
    char v183;  // [bp-0x74]
    char v184;  // [bp-0x73]
    char v185;  // [bp-0x72]
    char v186;  // [bp-0x71]
    char v187;  // [bp-0x70]
    char v188;  // [bp-0x6f]
    char v189;  // [bp-0x6e]
    char v190;  // [bp-0x6d]
    char v191;  // [bp-0x6c]
    char v192;  // [bp-0x6b]
    char v193;  // [bp-0x6a]
    char v194;  // [bp-0x69]
    char v195;  // [bp-0x68]
    char v196;  // [bp-0x67]
    char v197;  // [bp-0x66]
    char v198;  // [bp-0x65]
    char v199;  // [bp-0x64]
    char v200;  // [bp-0x63]
    char v201;  // [bp-0x62]
    char v202;  // [bp-0x61]
    char v203;  // [bp-0x60]
    char v204;  // [bp-0x5f]
    char v205;  // [bp-0x5e]
    char v206;  // [bp-0x5d]
    char v207;  // [bp-0x5c]
    char v208;  // [bp-0x5b]
    char v209;  // [bp-0x5a]
    char v210;  // [bp-0x59]
    char v211;  // [bp-0x58]
    char v212;  // [bp-0x57]
    char v213;  // [bp-0x56]
    char v214;  // [bp-0x55]
    char v215;  // [bp-0x54]
    char v216;  // [bp-0x53]
    char v217;  // [bp-0x52]
    char v218;  // [bp-0x51]
    char v219;  // [bp-0x50]
    char v220;  // [bp-0x4f]
    char v221;  // [bp-0x4e]
    char v222;  // [bp-0x4d]
    char v223;  // [bp-0x4c]
    char v224;  // [bp-0x4b]
    unsigned short v225;  // [bp-0x4a]
    unsigned long long v226;  // [bp-0x48]
    unsigned long v227;  // [bp-0x40]
    unsigned long long v229;  // r15
    unsigned long long v230;  // r14
    unsigned long long v231;  // r13
    unsigned long long v232;  // r12
    char v233;  // al
    char v234;  // al
    char v235;  // al
    char v236;  // al
    char v237;  // al
    char v238;  // al
    char v239;  // al
    char v240;  // al
    char v241;  // al
    char v242;  // al
    char v243;  // al
    char v244;  // al
    char v245;  // al
    char v246;  // al
    char v247;  // al
    char v248;  // al
    char v249;  // al
    char v250;  // al
    char v251;  // al
    char v252;  // al
    char v253;  // al
    char v254;  // al
    char v255;  // al
    char v256;  // al
    char v257;  // al
    char v258;  // al
    char v259;  // al
    char v260;  // al
    char v261;  // al
    char v262;  // al
    char v263;  // al
    char v264;  // al
    char v265;  // al
    char v266;  // al
    char v267;  // al
    char v268;  // al
    char v269;  // al
    char v270;  // al
    char v271;  // al
    char v272;  // al
    char v273;  // al
    char v274;  // al
    char v275;  // al
    char v276;  // al
    char v277;  // al
    char v278;  // al
    char v279;  // al
    char v280;  // al
    char v281;  // al
    char v282;  // al
    char v283;  // al
    char v284;  // al
    char v285;  // al
    char v286;  // al
    char v287;  // al
    char v288;  // al
    char v289;  // al
    char v290;  // al
    char v291;  // al
    char v292;  // al
    char v293;  // al
    char v294;  // al
    char v295;  // al
    char v296;  // al
    char v297;  // al
    char v298;  // al
    char v299;  // al
    char v300;  // al
    char v301;  // al
    char v302;  // al
    char v303;  // al
    char v304;  // al
    char v305;  // al
    char v306;  // al
    char v307;  // al
    char v308;  // al
    char v309;  // al
    char v310;  // al

    v113 = a0;
    v227 = __CURRENT_TIME;
    v226 = ::0x4285e4::__time_sub(v227, g_45e100, g_45e100);
    g_45e100 = v227;
    if (__DEBUG)
    {
        for (v225 = 0; v225 < g_45e0fe; v225 += 1)
        {
            *((short *)&(&RES0__INSTANCE0)[1858 + 2 * v225]) = *((short *)&(&RES0__INSTANCE0)[1936 + 2 * v225]);
        }
    }
    for (v225 = 0; v225 < g_45dbdc; v225 += 1)
    {
        *((char *)&(&g_45d92e)[12 + 2 * v225]) = g_45d92c[96 + 16 * v225];
        if (g_45d92c[96 + 16 * v225])
            *((unsigned long long *)&(&RES0__INSTANCE0)[112 + 16 * v225]) = ::0x428589::__time_add(*((long long *)&(&g_45d930)[96 + 16 * v225]), v226, v226, &RES0__INSTANCE0);
    }
    for (v225 = 0; v225 < g_45e060; v225 += 1)
    {
        if (!(g_45dbe2[24 * v225] & 2))
            g_45dbe1[24 * v225] = 0;
        g_45dbe3[24 * v225] = 0;
        g_45dbe4[24 * v225] = 0;
        v232 = 0xffffffff00000000 & v232 & 4294967295;
        if ((unsigned int)v232 == *((int *)&(&g_45dbe8)[24 * v225]))
        {
            v231 = 0xffffffff00000000 & v231 & 4294967295;
            v233 = (unsigned int)(g_45dbec[6 * v225] - (v231 >> 32)) > 0;
        }
        else
        {
            v230 = 0xffffffff00000000 & v230 & 4294967295;
            v233 = (unsigned int)(*((int *)&(&g_45dbe8)[24 * v225]) - v230) > 0;
        }
        if (v233)
        {
            *((unsigned long long *)&(&g_45dbe8)[24 * v225]) = ::0x4285e4::__time_sub(*((long long *)&(&g_45dbe8)[24 * v225]), v226, v225, v226);
            v229 = 0xffffffff00000000 & v229 & 4294967295;
            if ((unsigned int)v229 == *((int *)&(&g_45dbe8)[24 * v225]))
            {
                v112 = 0xffffffff00000000 & v112 & 4294967295;
                v234 = (unsigned int)(g_45dbec[6 * v225] - (v112 >> 32)) <= 0;
            }
            else
            {
                v111 = 0xffffffff00000000 & v111 & 4294967295;
                v234 = (unsigned int)(*((int *)&(&g_45dbe8)[24 * v225]) - v111) <= 0;
            }
            if (v234)
            {
                *((unsigned int *)&(&g_45dbe8)[24 * v225]) = 0;
                g_45dbec[6 * v225] = 0;
                g_45dbe3[24 * v225] = 1;
            }
        }
        v110 = 0xffffffff00000000 & v110 & 4294967295;
        if ((unsigned int)v110 == *((int *)&(&g_45dbf0)[24 * v225]))
        {
            v109 = 0xffffffff00000000 & v109 & 4294967295;
            v235 = (unsigned int)(g_45dbf4[6 * v225] - (v109 >> 32)) > 0;
        }
        else
        {
            v108 = 0xffffffff00000000 & v108 & 4294967295;
            v235 = (unsigned int)(*((int *)&(&g_45dbf0)[24 * v225]) - v108) > 0;
        }
        if (v235)
        {
            *((unsigned long long *)&(&g_45dbf0)[24 * v225]) = ::0x4285e4::__time_sub(*((long long *)&(&g_45dbf0)[24 * v225]), v226, v225, v226);
            v107 = 0xffffffff00000000 & v107 & 4294967295;
            if ((unsigned int)v107 == *((int *)&(&g_45dbf0)[24 * v225]))
            {
                v106 = 0xffffffff00000000 & v106 & 4294967295;
                v236 = (unsigned int)(g_45dbf4[6 * v225] - (v106 >> 32)) <= 0;
            }
            else
            {
                v105 = 0xffffffff00000000 & v105 & 4294967295;
                v236 = (unsigned int)(*((int *)&(&g_45dbf0)[24 * v225]) - v105) <= 0;
            }
            if (v236)
            {
                *((unsigned int *)&(&g_45dbf0)[24 * v225]) = 0;
                g_45dbf4[6 * v225] = 0;
                g_45dbe4[24 * v225] = 1;
            }
        }
    }
    if (g_45d98c)
    {
        if (!(g_45e063 & 2))
            g_45e062 = g_45d936;
        if (__DEBUG && !(g_45e0b1 & 2))
            g_45e0b0 = g_45e062;
    }
    else
    {
        if (__DEBUG && !(g_45e0b1 & 2))
            g_45e0b0 = g_45d936;
        if (!(g_45e063 & 2))
            g_45e062 = 0;
    }
    if (g_45d99c)
    {
        if (!(g_45e065 & 2))
            g_45e064 = g_45d986;
        if (__DEBUG && !(g_45e0b3 & 2))
            g_45e0b2 = g_45e064;
    }
    else
    {
        if (__DEBUG && !(g_45e0b3 & 2))
            g_45e0b2 = g_45d986;
        if (!(g_45e065 & 2))
            g_45e064 = 0;
    }
    if (g_45d9ac)
    {
        if (!(g_45e067 & 2))
            g_45e066 = g_45d940;
        if (__DEBUG && !(g_45e0b5 & 2))
            g_45e0b4 = g_45e066;
    }
    else
    {
        if (__DEBUG && !(g_45e0b5 & 2))
            g_45e0b4 = g_45d940;
        if (!(g_45e067 & 2))
            g_45e066 = 0;
    }
    if (g_45d9bc)
    {
        if (!(g_45e069 & 2))
            g_45e068 = g_45d942;
        if (__DEBUG && !(g_45e0b7 & 2))
            g_45e0b6 = g_45e068;
    }
    else
    {
        if (__DEBUG && !(g_45e0b7 & 2))
            g_45e0b6 = g_45d942;
        if (!(g_45e069 & 2))
            g_45e068 = 0;
    }
    if (g_45d9cc)
    {
        if (!(g_45e06b & 2))
            g_45e06a = g_45d944;
        if (__DEBUG && !(g_45e0b9 & 2))
            g_45e0b8 = g_45e06a;
    }
    else
    {
        if (__DEBUG && !(g_45e0b9 & 2))
            g_45e0b8 = g_45d944;
        if (!(g_45e06b & 2))
            g_45e06a = 0;
    }
    if (g_45d9dc)
    {
        if (!(g_45e06d & 2))
            g_45e06c = g_45d946;
        if (__DEBUG && !(g_45e0bb & 2))
            g_45e0ba = g_45e06c;
    }
    else
    {
        if (__DEBUG && !(g_45e0bb & 2))
            g_45e0ba = g_45d946;
        if (!(g_45e06d & 2))
            g_45e06c = 0;
    }
    if (g_45d9ec)
    {
        if (!(g_45e06f & 2))
            g_45e06e = g_45d948;
        if (__DEBUG && !(g_45e0bd & 2))
            g_45e0bc = g_45e06e;
    }
    else
    {
        if (__DEBUG && !(g_45e0bd & 2))
            g_45e0bc = g_45d948;
        if (!(g_45e06f & 2))
            g_45e06e = 0;
    }
    if (g_45d9fc)
    {
        if (!(g_45e071 & 2))
            g_45e070 = g_45d94a;
        if (__DEBUG && !(g_45e0bf & 2))
            g_45e0be = g_45e070;
    }
    else
    {
        if (__DEBUG && !(g_45e0bf & 2))
            g_45e0be = g_45d94a;
        if (!(g_45e071 & 2))
            g_45e070 = 0;
    }
    if (g_45da0c)
    {
        if (!(g_45e073 & 2))
            g_45e072 = g_45d94c;
        if (__DEBUG && !(g_45e0c1 & 2))
            g_45e0c0 = g_45e072;
    }
    else
    {
        if (__DEBUG && !(g_45e0c1 & 2))
            g_45e0c0 = g_45d94c;
        if (!(g_45e073 & 2))
            g_45e072 = 0;
    }
    if (g_45da1c)
    {
        if (!(g_45e075 & 2))
            g_45e074 = g_45d94e;
        if (__DEBUG && !(g_45e0c3 & 2))
            g_45e0c2 = g_45e074;
    }
    else
    {
        if (__DEBUG && !(g_45e0c3 & 2))
            g_45e0c2 = g_45d94e;
        if (!(g_45e075 & 2))
            g_45e074 = 0;
    }
    if (g_45da2c)
    {
        if (!(g_45e077 & 2))
            g_45e076 = g_45d950;
        if (__DEBUG && !(g_45e0c5 & 2))
            g_45e0c4 = g_45e076;
    }
    else
    {
        if (__DEBUG && !(g_45e0c5 & 2))
            g_45e0c4 = g_45d950;
        if (!(g_45e077 & 2))
            g_45e076 = 0;
    }
    if (g_45d99c)
    {
        if (!(g_45e079 & 2))
            g_45e078 = g_45d988;
        if (__DEBUG && !(g_45e0c7 & 2))
            g_45e0c6 = g_45e078;
    }
    else
    {
        if (__DEBUG && !(g_45e0c7 & 2))
            g_45e0c6 = g_45d988;
        if (!(g_45e079 & 2))
            g_45e078 = 0;
    }
    if (g_45da3c)
    {
        if (!(g_45e07b & 2))
            g_45e07a = g_45d952;
        if (__DEBUG && !(g_45e0c9 & 2))
            g_45e0c8 = g_45e07a;
    }
    else
    {
        if (__DEBUG && !(g_45e0c9 & 2))
            g_45e0c8 = g_45d952;
        if (!(g_45e07b & 2))
            g_45e07a = 0;
    }
    if (g_45da4c)
    {
        if (!(g_45e07d & 2))
            g_45e07c = g_45d954;
        if (__DEBUG && !(g_45e0cb & 2))
            g_45e0ca = g_45e07c;
    }
    else
    {
        if (__DEBUG && !(g_45e0cb & 2))
            g_45e0ca = g_45d954;
        if (!(g_45e07d & 2))
            g_45e07c = 0;
    }
    if (g_45da5c)
    {
        if (!(g_45e07f & 2))
            g_45e07e = g_45d956;
        if (__DEBUG && !(g_45e0cd & 2))
            g_45e0cc = g_45e07e;
    }
    else
    {
        if (__DEBUG && !(g_45e0cd & 2))
            g_45e0cc = g_45d956;
        if (!(g_45e07f & 2))
            g_45e07e = 0;
    }
    if (g_45da6c)
    {
        if (!(g_45e081 & 2))
            g_45e080 = g_45d958;
        if (__DEBUG && !(g_45e0cf & 2))
            g_45e0ce = g_45e080;
    }
    else
    {
        if (__DEBUG && !(g_45e0cf & 2))
            g_45e0ce = g_45d958;
        if (!(g_45e081 & 2))
            g_45e080 = 0;
    }
    if (g_45da7c)
    {
        if (!(g_45e083 & 2))
            g_45e082 = g_45d95a;
        if (__DEBUG && !(g_45e0d1 & 2))
            g_45e0d0 = g_45e082;
    }
    else
    {
        if (__DEBUG && !(g_45e0d1 & 2))
            g_45e0d0 = g_45d95a;
        if (!(g_45e083 & 2))
            g_45e082 = 0;
    }
    if (g_45da8c)
    {
        if (!(g_45e085 & 2))
            g_45e084 = g_45d95c;
        if (__DEBUG && !(g_45e0d3 & 2))
            g_45e0d2 = g_45e084;
    }
    else
    {
        if (__DEBUG && !(g_45e0d3 & 2))
            g_45e0d2 = g_45d95c;
        if (!(g_45e085 & 2))
            g_45e084 = 0;
    }
    if (g_45da9c)
    {
        if (!(g_45e087 & 2))
            g_45e086 = g_45d95e;
        if (__DEBUG && !(g_45e0d5 & 2))
            g_45e0d4 = g_45e086;
    }
    else
    {
        if (__DEBUG && !(g_45e0d5 & 2))
            g_45e0d4 = g_45d95e;
        if (!(g_45e087 & 2))
            g_45e086 = 0;
    }
    if (g_45daac)
    {
        if (!(g_45e089 & 2))
            g_45e088 = g_45d960;
        if (__DEBUG && !(g_45e0d7 & 2))
            g_45e0d6 = g_45e088;
    }
    else
    {
        if (__DEBUG && !(g_45e0d7 & 2))
            g_45e0d6 = g_45d960;
        if (!(g_45e089 & 2))
            g_45e088 = 0;
    }
    if (g_45dabc)
    {
        if (!(g_45e08b & 2))
            g_45e08a = g_45d962;
        if (__DEBUG && !(g_45e0d9 & 2))
            g_45e0d8 = g_45e08a;
    }
    else
    {
        if (__DEBUG && !(g_45e0d9 & 2))
            g_45e0d8 = g_45d962;
        if (!(g_45e08b & 2))
            g_45e08a = 0;
    }
    if (g_45dacc)
    {
        if (!(g_45e08d & 2))
            g_45e08c = g_45d964;
        if (__DEBUG && !(g_45e0db & 2))
            g_45e0da = g_45e08c;
    }
    else
    {
        if (__DEBUG && !(g_45e0db & 2))
            g_45e0da = g_45d964;
        if (!(g_45e08d & 2))
            g_45e08c = 0;
    }
    if (g_45dadc)
    {
        if (!(g_45e08f & 2))
            g_45e08e = g_45d966;
        if (__DEBUG && !(g_45e0dd & 2))
            g_45e0dc = g_45e08e;
    }
    else
    {
        if (__DEBUG && !(g_45e0dd & 2))
            g_45e0dc = g_45d966;
        if (!(g_45e08f & 2))
            g_45e08e = 0;
    }
    if (g_45d99c)
    {
        if (!(g_45e091 & 2))
            g_45e090 = g_45d98a;
        if (__DEBUG && !(g_45e0df & 2))
            g_45e0de = g_45e090;
    }
    else
    {
        if (__DEBUG && !(g_45e0df & 2))
            g_45e0de = g_45d98a;
        if (!(g_45e091 & 2))
            g_45e090 = 0;
    }
    if (g_45daec)
    {
        if (!(g_45e093 & 2))
            g_45e092 = g_45d968;
        if (__DEBUG && !(g_45e0e1 & 2))
            g_45e0e0 = g_45e092;
    }
    else
    {
        if (__DEBUG && !(g_45e0e1 & 2))
            g_45e0e0 = g_45d968;
        if (!(g_45e093 & 2))
            g_45e092 = 0;
    }
    if (g_45dafc)
    {
        if (!(g_45e095 & 2))
            g_45e094 = g_45d96a;
        if (__DEBUG && !(g_45e0e3 & 2))
            g_45e0e2 = g_45e094;
    }
    else
    {
        if (__DEBUG && !(g_45e0e3 & 2))
            g_45e0e2 = g_45d96a;
        if (!(g_45e095 & 2))
            g_45e094 = 0;
    }
    if (g_45db0c)
    {
        if (!(g_45e097 & 2))
            g_45e096 = g_45d96c;
        if (__DEBUG && !(g_45e0e5 & 2))
            g_45e0e4 = g_45e096;
    }
    else
    {
        if (__DEBUG && !(g_45e0e5 & 2))
            g_45e0e4 = g_45d96c;
        if (!(g_45e097 & 2))
            g_45e096 = 0;
    }
    if (g_45db1c)
    {
        if (!(g_45e099 & 2))
            g_45e098 = g_45d96e;
        if (__DEBUG && !(g_45e0e7 & 2))
            g_45e0e6 = g_45e098;
    }
    else
    {
        if (__DEBUG && !(g_45e0e7 & 2))
            g_45e0e6 = g_45d96e;
        if (!(g_45e099 & 2))
            g_45e098 = 0;
    }
    if (g_45db2c)
    {
        if (!(g_45e09b & 2))
            g_45e09a = g_45d970;
        if (__DEBUG && !(g_45e0e9 & 2))
            g_45e0e8 = g_45e09a;
    }
    else
    {
        if (__DEBUG && !(g_45e0e9 & 2))
            g_45e0e8 = g_45d970;
        if (!(g_45e09b & 2))
            g_45e09a = 0;
    }
    if (g_45db3c)
    {
        if (!(g_45e09d & 2))
            g_45e09c = g_45d972;
        if (__DEBUG && !(g_45e0eb & 2))
            g_45e0ea = g_45e09c;
    }
    else
    {
        if (__DEBUG && !(g_45e0eb & 2))
            g_45e0ea = g_45d972;
        if (!(g_45e09d & 2))
            g_45e09c = 0;
    }
    if (g_45db4c)
    {
        if (!(g_45e09f & 2))
            g_45e09e = g_45d974;
        if (__DEBUG && !(g_45e0ed & 2))
            g_45e0ec = g_45e09e;
    }
    else
    {
        if (__DEBUG && !(g_45e0ed & 2))
            g_45e0ec = g_45d974;
        if (!(g_45e09f & 2))
            g_45e09e = 0;
    }
    if (g_45db5c)
    {
        if (!(g_45e0a1 & 2))
            g_45e0a0 = g_45d976;
        if (__DEBUG && !(g_45e0ef & 2))
            g_45e0ee = g_45e0a0;
    }
    else
    {
        if (__DEBUG && !(g_45e0ef & 2))
            g_45e0ee = g_45d976;
        if (!(g_45e0a1 & 2))
            g_45e0a0 = 0;
    }
    if (g_45db6c)
    {
        if (!(g_45e0a3 & 2))
            g_45e0a2 = g_45d978;
        if (__DEBUG && !(g_45e0f1 & 2))
            g_45e0f0 = g_45e0a2;
    }
    else
    {
        if (__DEBUG && !(g_45e0f1 & 2))
            g_45e0f0 = g_45d978;
        if (!(g_45e0a3 & 2))
            g_45e0a2 = 0;
    }
    if (g_45db7c)
    {
        if (!(g_45e0a5 & 2))
            g_45e0a4 = g_45d97a;
        if (__DEBUG && !(g_45e0f3 & 2))
            g_45e0f2 = g_45e0a4;
    }
    else
    {
        if (__DEBUG && !(g_45e0f3 & 2))
            g_45e0f2 = g_45d97a;
        if (!(g_45e0a5 & 2))
            g_45e0a4 = 0;
    }
    if (g_45db8c)
    {
        if (!(g_45e0a7 & 2))
            g_45e0a6 = g_45d97c;
        if (__DEBUG && !(g_45e0f5 & 2))
            g_45e0f4 = g_45e0a6;
    }
    else
    {
        if (__DEBUG && !(g_45e0f5 & 2))
            g_45e0f4 = g_45d97c;
        if (!(g_45e0a7 & 2))
            g_45e0a6 = 0;
    }
    if (g_45db9c)
    {
        if (!(g_45e0a9 & 2))
            g_45e0a8 = g_45d97e;
        if (__DEBUG && !(g_45e0f7 & 2))
            g_45e0f6 = g_45e0a8;
    }
    else
    {
        if (__DEBUG && !(g_45e0f7 & 2))
            g_45e0f6 = g_45d97e;
        if (!(g_45e0a9 & 2))
            g_45e0a8 = 0;
    }
    if (g_45dbac)
    {
        if (!(g_45e0ab & 2))
            g_45e0aa = g_45d980;
        if (__DEBUG && !(g_45e0f9 & 2))
            g_45e0f8 = g_45e0aa;
    }
    else
    {
        if (__DEBUG && !(g_45e0f9 & 2))
            g_45e0f8 = g_45d980;
        if (!(g_45e0ab & 2))
            g_45e0aa = 0;
    }
    if (g_45dbbc)
    {
        if (!(g_45e0ad & 2))
            g_45e0ac = g_45d982;
        if (__DEBUG && !(g_45e0fb & 2))
            g_45e0fa = g_45e0ac;
    }
    else
    {
        if (__DEBUG && !(g_45e0fb & 2))
            g_45e0fa = g_45d982;
        if (!(g_45e0ad & 2))
            g_45e0ac = 0;
    }
    if (g_45dbcc)
    {
        if (!(g_45e0af & 2))
            g_45e0ae = g_45d984;
        if (__DEBUG && !(g_45e0fd & 2))
            g_45e0fc = g_45e0ae;
    }
    else
    {
        if (__DEBUG && !(g_45e0fd & 2))
            g_45e0fc = g_45d984;
        if (!(g_45e0af & 2))
            g_45e0ae = 0;
    }
    if (g_45e062 && !(g_45d98d & 2))
        g_45d98c = 0;
    if (g_45e064 && !(g_45d99d & 2))
        g_45d99c = 0;
    if (g_45e066 && !(g_45d9ad & 2))
        g_45d9ac = 0;
    if (g_45e068 && !(g_45d9bd & 2))
        g_45d9bc = 0;
    if (g_45e06a && !(g_45d9cd & 2))
        g_45d9cc = 0;
    if (g_45e06c && !(g_45d9dd & 2))
        g_45d9dc = 0;
    if (g_45e06e && !(g_45d9ed & 2))
        g_45d9ec = 0;
    if (g_45e070 && !(g_45d9fd & 2))
        g_45d9fc = 0;
    if (g_45e072 && !(g_45da0d & 2))
        g_45da0c = 0;
    if (g_45e074 && !(g_45da1d & 2))
        g_45da1c = 0;
    if (g_45e076 && !(g_45da2d & 2))
        g_45da2c = 0;
    if (g_45e078 && !(g_45d99d & 2))
        g_45d99c = 0;
    if (g_45e07a && !(g_45da3d & 2))
        g_45da3c = 0;
    if (g_45e07c && !(g_45da4d & 2))
        g_45da4c = 0;
    if (g_45e07e && !(g_45da5d & 2))
        g_45da5c = 0;
    if (g_45e080 && !(g_45da6d & 2))
        g_45da6c = 0;
    if (g_45e082 && !(g_45da7d & 2))
        g_45da7c = 0;
    if (g_45e084 && !(g_45da8d & 2))
        g_45da8c = 0;
    if (g_45e086 && !(g_45da9d & 2))
        g_45da9c = 0;
    if (g_45e088 && !(g_45daad & 2))
        g_45daac = 0;
    if (g_45e08a && !(g_45dabd & 2))
        g_45dabc = 0;
    if (g_45e08c && !(g_45dacd & 2))
        g_45dacc = 0;
    if (g_45e08e && !(g_45dadd & 2))
        g_45dadc = 0;
    if (g_45e090 && !(g_45d99d & 2))
        g_45d99c = 0;
    if (g_45e092 && !(g_45daed & 2))
        g_45daec = 0;
    if (g_45e094 && !(g_45dafd & 2))
        g_45dafc = 0;
    if (g_45e096 && !(g_45db0d & 2))
        g_45db0c = 0;
    if (g_45e098 && !(g_45db1d & 2))
        g_45db1c = 0;
    if (g_45e09a && !(g_45db2d & 2))
        g_45db2c = 0;
    if (g_45e09c && !(g_45db3d & 2))
        g_45db3c = 0;
    if (g_45e09e && !(g_45db4d & 2))
        g_45db4c = 0;
    if (g_45e0a0 && !(g_45db5d & 2))
        g_45db5c = 0;
    if (g_45e0a2 && !(g_45db6d & 2))
        g_45db6c = 0;
    if (g_45e0a4 && !(g_45db7d & 2))
        g_45db7c = 0;
    if (g_45e0a6 && !(g_45db8d & 2))
        g_45db8c = 0;
    if (g_45e0a8 && !(g_45db9d & 2))
        g_45db9c = 0;
    if (g_45e0aa && !(g_45dbad & 2))
        g_45dbac = 0;
    if (g_45e0ac && !(g_45dbbd & 2))
        g_45dbbc = 0;
    if (g_45e0ae && !(g_45dbcd & 2))
        g_45dbcc = 0;
    if (g_45e062)
    {
        if (!(g_45d99d & 2))
            g_45d99c = 1;
        g_45d9a0 = 0;
        g_45d9a4 = 0;
    }
    if (g_45e064)
    {
        if (!(g_45d9ad & 2))
            g_45d9ac = 1;
        g_45d9b0 = 0;
        g_45d9b4 = 0;
    }
    if (g_45e066)
    {
        if (!(g_45d9bd & 2))
            g_45d9bc = 1;
        g_45d9c0 = 0;
        g_45d9c4 = 0;
    }
    if (g_45e068)
    {
        if (!(g_45d9cd & 2))
            g_45d9cc = 1;
        g_45d9d0 = 0;
        g_45d9d4 = 0;
    }
    if (g_45e06a)
    {
        if (!(g_45d9dd & 2))
            g_45d9dc = 1;
        g_45d9e0 = 0;
        g_45d9e4 = 0;
    }
    if (g_45e06c)
    {
        if (!(g_45d9ed & 2))
            g_45d9ec = 1;
        g_45d9f0 = 0;
        g_45d9f4 = 0;
    }
    if (g_45e06e)
    {
        if (!(g_45d9fd & 2))
            g_45d9fc = 1;
        g_45da00 = 0;
        g_45da04 = 0;
    }
    if (g_45e070)
    {
        if (!(g_45da0d & 2))
            g_45da0c = 1;
        g_45da10 = 0;
        g_45da14 = 0;
    }
    if (g_45e072)
    {
        if (!(g_45da1d & 2))
            g_45da1c = 1;
        g_45da20 = 0;
        g_45da24 = 0;
    }
    if (g_45e074)
    {
        if (!(g_45da2d & 2))
            g_45da2c = 1;
        g_45da30 = 0;
        g_45da34 = 0;
    }
    if (g_45e076)
    {
        if (!(g_45d98d & 2))
            g_45d98c = 1;
        g_45d990 = 0;
        g_45d994 = 0;
    }
    if (g_45e078)
    {
        if (!(g_45da3d & 2))
            g_45da3c = 1;
        g_45da40 = 0;
        g_45da44 = 0;
    }
    if (g_45e07a)
    {
        if (!(g_45da4d & 2))
            g_45da4c = 1;
        g_45da50 = 0;
        g_45da54 = 0;
    }
    if (g_45e07c)
    {
        if (!(g_45da5d & 2))
            g_45da5c = 1;
        g_45da60 = 0;
        g_45da64 = 0;
    }
    if (g_45e07e)
    {
        if (!(g_45da6d & 2))
            g_45da6c = 1;
        g_45da70 = 0;
        g_45da74 = 0;
    }
    if (g_45e080)
    {
        if (!(g_45da7d & 2))
            g_45da7c = 1;
        g_45da80 = 0;
        g_45da84 = 0;
    }
    if (g_45e082)
    {
        if (!(g_45da8d & 2))
            g_45da8c = 1;
        g_45da90 = 0;
        g_45da94 = 0;
    }
    if (g_45e084)
    {
        if (!(g_45da9d & 2))
            g_45da9c = 1;
        g_45daa0 = 0;
        g_45daa4 = 0;
    }
    if (g_45e086)
    {
        if (!(g_45daad & 2))
            g_45daac = 1;
        g_45dab0 = 0;
        g_45dab4 = 0;
    }
    if (g_45e088)
    {
        if (!(g_45dabd & 2))
            g_45dabc = 1;
        g_45dac0 = 0;
        g_45dac4 = 0;
    }
    if (g_45e08a)
    {
        if (!(g_45dacd & 2))
            g_45dacc = 1;
        g_45dad0 = 0;
        g_45dad4 = 0;
    }
    if (g_45e08c)
    {
        if (!(g_45dadd & 2))
            g_45dadc = 1;
        g_45dae0 = 0;
        g_45dae4 = 0;
    }
    if (g_45e08e)
    {
        if (!(g_45d98d & 2))
            g_45d98c = 1;
        g_45d990 = 0;
        g_45d994 = 0;
    }
    if (g_45e090)
    {
        if (!(g_45daed & 2))
            g_45daec = 1;
        g_45daf0 = 0;
        g_45daf4 = 0;
    }
    if (g_45e092)
    {
        if (!(g_45dafd & 2))
            g_45dafc = 1;
        g_45db00 = 0;
        g_45db04 = 0;
    }
    if (g_45e094)
    {
        if (!(g_45db0d & 2))
            g_45db0c = 1;
        g_45db10 = 0;
        g_45db14 = 0;
    }
    if (g_45e096)
    {
        if (!(g_45db1d & 2))
            g_45db1c = 1;
        g_45db20 = 0;
        g_45db24 = 0;
    }
    if (g_45e098)
    {
        if (!(g_45db2d & 2))
            g_45db2c = 1;
        g_45db30 = 0;
        g_45db34 = 0;
    }
    if (g_45e09a)
    {
        if (!(g_45db3d & 2))
            g_45db3c = 1;
        g_45db40 = 0;
        g_45db44 = 0;
    }
    if (g_45e09c)
    {
        if (!(g_45db4d & 2))
            g_45db4c = 1;
        g_45db50 = 0;
        g_45db54 = 0;
    }
    if (g_45e09e)
    {
        if (!(g_45db5d & 2))
            g_45db5c = 1;
        g_45db60 = 0;
        g_45db64 = 0;
    }
    if (g_45e0a0)
    {
        if (!(g_45db6d & 2))
            g_45db6c = 1;
        g_45db70 = 0;
        g_45db74 = 0;
    }
    if (g_45e0a2)
    {
        if (!(g_45db7d & 2))
            g_45db7c = 1;
        g_45db80 = 0;
        g_45db84 = 0;
    }
    if (g_45e0a4)
    {
        if (!(g_45db8d & 2))
            g_45db8c = 1;
        g_45db90 = 0;
        g_45db94 = 0;
    }
    if (g_45e0a6)
    {
        if (!(g_45db9d & 2))
            g_45db9c = 1;
        g_45dba0 = 0;
        g_45dba4 = 0;
    }
    if (g_45e0a8)
    {
        if (!(g_45dbad & 2))
            g_45dbac = 1;
        g_45dbb0 = 0;
        g_45dbb4 = 0;
    }
    if (g_45e0aa)
    {
        if (!(g_45dbbd & 2))
            g_45dbbc = 1;
        g_45dbc0 = 0;
        g_45dbc4 = 0;
    }
    if (g_45e0ac)
    {
        if (!(g_45dbcd & 2))
            g_45dbcc = 1;
        g_45dbd0 = 0;
        g_45dbd4 = 0;
    }
    if (g_45e0ae)
    {
        if (!(g_45d98d & 2))
            g_45d98c = 1;
        g_45d990 = 0;
        g_45d994 = 0;
    }
    v114 = g_45d98c;
    if (v114 && !g_45d98e)
        v237 = 1;
    else
        v237 = 0;
    v115 = v237;
    if (!v114 && g_45d98e)
        v238 = 1;
    else
        v238 = 0;
    v116 = v238;
    if (v114)
        g_45dbfb = 1;
    if (v114)
        g_45dc14 = 1;
    if (v114)
        g_45dc2c = 1;
    if (v114)
        g_45dc44 = 1;
    if (v114)
        g_45dc5c = 1;
    if (v114)
        g_45dc74 = 1;
    if (v114)
        g_45dc8c = 1;
    if (v114)
        g_45dca4 = 1;
    if (v114)
        g_45dcbc = 1;
    if (v114)
        g_45dcd4 = 1;
    if (v114)
        g_45dcec = 1;
    if (v114)
        g_45dd04 = 1;
    if (v114)
        g_45dbe3[0] = 1;
    v117 = g_45d99c;
    if (v117 && !g_45d99e)
        v239 = 1;
    else
        v239 = 0;
    v118 = v239;
    if (!v117 && g_45d99e)
        v240 = 1;
    else
        v240 = 0;
    v119 = v240;
    if (v117)
        g_45dbfc = 1;
    v120 = g_45d9ac;
    if (v120 && !g_45d9ae)
        v241 = 1;
    else
        v241 = 0;
    v121 = v241;
    if (!v120 && g_45d9ae)
        v242 = 1;
    else
        v242 = 0;
    v122 = v242;
    if (v120 && !(g_45d925 & 2))
        g_45d924 = 1;
    if (v122 && !(g_45d925 & 2))
        g_45d924 = 0;
    if (v120 && !((char)g_45d922 & 2))
        *((char *)&g_45d922) = 1;
    if (v122 && !((char)g_45d922 & 2))
        *((char *)&g_45d922) = 0;
    if (v120)
    {
        if (g_45d9b0 == 10)
        {
            if ((unsigned int)(g_45d9b4 - (((0xffffffff00000000 & v103 | 10) & 4294967295) >> 32)) >= 0)
                goto LABEL_43c9af;
        }
        else
        {
            if ((unsigned int)(g_45d9b0 - (0xffffffff00000000 & v102 | 10)) >= 0)
            {
LABEL_43c9af:
                if (!(g_45d941 & 2))
                {
                    g_45d940 = 1;
                    goto LABEL_43c9fa;
                }
            }
        }
    }
    if (v122 && !(g_45d941 & 2))
        g_45d940 = 0;
LABEL_43c9fa:
    v123 = g_45d9bc;
    if (v123 && !g_45d9be)
        v243 = 1;
    else
        v243 = 0;
    v124 = v243;
    if (!v123 && g_45d9be)
        v244 = 1;
    else
        v244 = 0;
    v125 = v244;
    if (v123)
        g_45dc14 = 1;
    if (v123 && !(g_45d931 & 2))
        g_45d930 = 1;
    if (v125 && !(g_45d931 & 2))
        g_45d930 = 0;
    if (v123)
        g_45dc2c = 1;
    if (v123)
    {
        if (g_45d9c0 == 25)
        {
            if ((unsigned int)(g_45d9c4 - (((0xffffffff00000000 & v100 | 25) & 4294967295) >> 32)) >= 0)
                goto LABEL_43cb81;
        }
        else
        {
            if ((unsigned int)(g_45d9c0 - (0xffffffff00000000 & v99 | 25)) >= 0)
            {
LABEL_43cb81:
                if (!(g_45d943 & 2))
                {
                    g_45d942 = 1;
                    goto LABEL_43cbcc;
                }
            }
        }
    }
    if (v125 && !(g_45d943 & 2))
        g_45d942 = 0;
LABEL_43cbcc:
    v126 = g_45d9cc;
    if (v126 && !g_45d9ce)
        v245 = 1;
    else
        v245 = 0;
    v127 = v245;
    if (!v126 && g_45d9ce)
        v246 = 1;
    else
        v246 = 0;
    v128 = v246;
    if (v126 && !(g_45d925 & 2))
        g_45d924 = 1;
    if (v128 && !(g_45d925 & 2))
        g_45d924 = 0;
    if (v126 && !((char)g_45d922 & 2))
        *((char *)&g_45d922) = 1;
    if (v128 && !((char)g_45d922 & 2))
        *((char *)&g_45d922) = 0;
    if (v126)
        g_45dc44 = 1;
    if (v126)
    {
        if (g_45d9d0 == 10)
        {
            if ((unsigned int)(g_45d9d4 - (((0xffffffff00000000 & v97 | 10) & 4294967295) >> 32)) >= 0)
                goto LABEL_43cd8e;
        }
        else
        {
            if ((unsigned int)(g_45d9d0 - (0xffffffff00000000 & v96 | 10)) >= 0)
            {
LABEL_43cd8e:
                if (!(g_45d945 & 2))
                {
                    g_45d944 = 1;
                    goto LABEL_43cdd9;
                }
            }
        }
    }
    if (v128 && !(g_45d945 & 2))
        g_45d944 = 0;
LABEL_43cdd9:
    v129 = g_45d9dc;
    if (v129 && !g_45d9de)
        v247 = 1;
    else
        v247 = 0;
    v130 = v247;
    if (!v129 && g_45d9de)
        v248 = 1;
    else
        v248 = 0;
    v131 = v248;
    if (v129)
        g_45dc14 = 1;
    if (v129 && !(g_45d92f & 2))
        *((char *)&g_45d92e) = 1;
    if (v131 && !(g_45d92f & 2))
        *((char *)&g_45d92e) = 0;
    if (v129)
        g_45dc2c = 1;
    if (v129)
    {
        if (g_45d9e0 == 25)
        {
            if ((unsigned int)(g_45d9e4 - (((0xffffffff00000000 & v94 | 25) & 4294967295) >> 32)) >= 0)
                goto LABEL_43cf60;
        }
        else
        {
            if ((unsigned int)(g_45d9e0 - (0xffffffff00000000 & v93 | 25)) >= 0)
            {
LABEL_43cf60:
                if (!(g_45d947 & 2))
                {
                    g_45d946 = 1;
                    goto LABEL_43cfab;
                }
            }
        }
    }
    if (v131 && !(g_45d947 & 2))
        g_45d946 = 0;
LABEL_43cfab:
    v132 = g_45d9ec;
    if (v132 && !g_45d9ee)
        v249 = 1;
    else
        v249 = 0;
    v133 = v249;
    if (!v132 && g_45d9ee)
        v250 = 1;
    else
        v250 = 0;
    v134 = v250;
    if (v132 && !(g_45d925 & 2))
        g_45d924 = 1;
    if (v134 && !(g_45d925 & 2))
        g_45d924 = 0;
    if (v132 && !((char)g_45d922 & 2))
        *((char *)&g_45d922) = 1;
    if (v134 && !((char)g_45d922 & 2))
        *((char *)&g_45d922) = 0;
    if (v132)
        g_45dd04 = 1;
    if (v132)
    {
        if (g_45d9f0 == 10)
        {
            if ((unsigned int)(g_45d9f4 - (((0xffffffff00000000 & v91 | 10) & 4294967295) >> 32)) >= 0)
                goto LABEL_43d16d;
        }
        else
        {
            if ((unsigned int)(g_45d9f0 - (0xffffffff00000000 & v90 | 10)) >= 0)
            {
LABEL_43d16d:
                if (!(g_45d949 & 2))
                {
                    g_45d948 = 1;
                    goto LABEL_43d1b8;
                }
            }
        }
    }
    if (v134 && !(g_45d949 & 2))
        g_45d948 = 0;
LABEL_43d1b8:
    v135 = g_45d9fc;
    if (v135 && !g_45d9fe)
        v251 = 1;
    else
        v251 = 0;
    v136 = v251;
    if (!v135 && g_45d9fe)
        v252 = 1;
    else
        v252 = 0;
    v137 = v252;
    if (v135)
        g_45dc14 = 1;
    if (v135)
        g_45dc2c = 1;
    if (v135 && !(g_45d92b & 2))
        g_45d92a = 1;
    if (v137 && !(g_45d92b & 2))
        g_45d92a = 0;
    if (v135)
    {
        if (g_45da00 == 25)
        {
            if ((unsigned int)(g_45da04 - (((0xffffffff00000000 & v88 | 25) & 4294967295) >> 32)) >= 0)
                goto LABEL_43d33f;
        }
        else
        {
            if ((unsigned int)(g_45da00 - (0xffffffff00000000 & v87 | 25)) >= 0)
            {
LABEL_43d33f:
                if (!(g_45d94b & 2))
                {
                    g_45d94a = 1;
                    goto LABEL_43d38a;
                }
            }
        }
    }
    if (v137 && !(g_45d94b & 2))
        g_45d94a = 0;
LABEL_43d38a:
    v138 = g_45da0c;
    if (v138 && !g_45da0e)
        v253 = 1;
    else
        v253 = 0;
    v139 = v253;
    if (!v138 && g_45da0e)
        v254 = 1;
    else
        v254 = 0;
    v140 = v254;
    if (v138 && !(g_45d925 & 2))
        g_45d924 = 1;
    if (v140 && !(g_45d925 & 2))
        g_45d924 = 0;
    if (v138 && !((char)g_45d922 & 2))
        *((char *)&g_45d922) = 1;
    if (v140 && !((char)g_45d922 & 2))
        *((char *)&g_45d922) = 0;
    if (v138)
        g_45dd04 = 1;
    if (v138)
    {
        if (g_45da10 == 10)
        {
            if ((unsigned int)(g_45da14 - (((0xffffffff00000000 & v85 | 10) & 4294967295) >> 32)) >= 0)
                goto LABEL_43d54c;
        }
        else
        {
            if ((unsigned int)(g_45da10 - (0xffffffff00000000 & v84 | 10)) >= 0)
            {
LABEL_43d54c:
                if (!(g_45d94d & 2))
                {
                    g_45d94c = 1;
                    goto LABEL_43d597;
                }
            }
        }
    }
    if (v140 && !(g_45d94d & 2))
        g_45d94c = 0;
LABEL_43d597:
    v141 = g_45da1c;
    if (v141 && !g_45da1e)
        v255 = 1;
    else
        v255 = 0;
    v142 = v255;
    if (!v141 && g_45da1e)
        v256 = 1;
    else
        v256 = 0;
    v143 = v256;
    if (v141)
        g_45dc14 = 1;
    if (v141)
        g_45dc2c = 1;
    if (v141 && !(g_45d931 & 2))
        g_45d930 = 1;
    if (v143 && !(g_45d931 & 2))
        g_45d930 = 0;
    if (v141)
    {
        if (g_45da20 == 25)
        {
            if ((unsigned int)(g_45da24 - (((0xffffffff00000000 & v82 | 25) & 4294967295) >> 32)) >= 0)
                goto LABEL_43d71e;
        }
        else
        {
            if ((unsigned int)(g_45da20 - (0xffffffff00000000 & v81 | 25)) >= 0)
            {
LABEL_43d71e:
                if (!(g_45d94f & 2))
                {
                    g_45d94e = 1;
                    goto LABEL_43d769;
                }
            }
        }
    }
    if (v143 && !(g_45d94f & 2))
        g_45d94e = 0;
LABEL_43d769:
    v144 = g_45da2c;
    if (v144 && !g_45da2e)
        v257 = 1;
    else
        v257 = 0;
    v145 = v257;
    if (!v144 && g_45da2e)
        v258 = 1;
    else
        v258 = 0;
    v146 = v258;
    if (v144 && !(g_45d925 & 2))
        g_45d924 = 1;
    if (v146 && !(g_45d925 & 2))
        g_45d924 = 0;
    if (v144 && !((char)g_45d922 & 2))
        *((char *)&g_45d922) = 1;
    if (v146 && !((char)g_45d922 & 2))
        *((char *)&g_45d922) = 0;
    if (v144)
        g_45dd04 = 1;
    if (v144)
    {
        if (g_45da30 == 10)
        {
            if ((unsigned int)(g_45da34 - (((0xffffffff00000000 & v79 | 10) & 4294967295) >> 32)) >= 0)
                goto LABEL_43d92b;
        }
        else
        {
            if ((unsigned int)(g_45da30 - (0xffffffff00000000 & v78 | 10)) >= 0)
            {
LABEL_43d92b:
                if (!(g_45d951 & 2))
                {
                    g_45d950 = 1;
                    goto LABEL_43d976;
                }
            }
        }
    }
    if (v146 && !(g_45d951 & 2))
        g_45d950 = 0;
LABEL_43d976:
    v147 = g_45da3c;
    if (v147 && !g_45da3e)
        v259 = 1;
    else
        v259 = 0;
    v148 = v259;
    if (!v147 && g_45da3e)
        v260 = 1;
    else
        v260 = 0;
    v149 = v260;
    if (v147 && !(g_45d925 & 2))
        g_45d924 = 1;
    if (v149 && !(g_45d925 & 2))
        g_45d924 = 0;
    if (v147 && !((char)g_45d922 & 2))
        *((char *)&g_45d922) = 1;
    if (v149 && !((char)g_45d922 & 2))
        *((char *)&g_45d922) = 0;
    if (v147)
    {
        if (g_45da40 == 10)
        {
            if ((unsigned int)(g_45da44 - (((0xffffffff00000000 & v76 | 10) & 4294967295) >> 32)) >= 0)
                goto LABEL_43db21;
        }
        else
        {
            if ((unsigned int)(g_45da40 - (0xffffffff00000000 & v75 | 10)) >= 0)
            {
LABEL_43db21:
                if (!(g_45d953 & 2))
                {
                    g_45d952 = 1;
                    goto LABEL_43db6c;
                }
            }
        }
    }
    if (v149 && !(g_45d953 & 2))
        g_45d952 = 0;
LABEL_43db6c:
    v150 = g_45da4c;
    if (v150 && !g_45da4e)
        v261 = 1;
    else
        v261 = 0;
    v151 = v261;
    if (!v150 && g_45da4e)
        v262 = 1;
    else
        v262 = 0;
    v152 = v262;
    if (v150)
        g_45dc14 = 1;
    if (v150 && !(g_45d931 & 2))
        g_45d930 = 1;
    if (v152 && !(g_45d931 & 2))
        g_45d930 = 0;
    if (v150)
        g_45dc2c = 1;
    if (v150)
    {
        if (g_45da50 == 25)
        {
            if ((unsigned int)(g_45da54 - (((0xffffffff00000000 & v73 | 25) & 4294967295) >> 32)) >= 0)
                goto LABEL_43dcf3;
        }
        else
        {
            if ((unsigned int)(g_45da50 - (0xffffffff00000000 & v72 | 25)) >= 0)
            {
LABEL_43dcf3:
                if (!(g_45d955 & 2))
                {
                    g_45d954 = 1;
                    goto LABEL_43dd3e;
                }
            }
        }
    }
    if (v152 && !(g_45d955 & 2))
        g_45d954 = 0;
LABEL_43dd3e:
    v153 = g_45da5c;
    if (v153 && !g_45da5e)
        v263 = 1;
    else
        v263 = 0;
    v154 = v263;
    if (!v153 && g_45da5e)
        v264 = 1;
    else
        v264 = 0;
    v155 = v264;
    if (v153 && !(g_45d925 & 2))
        g_45d924 = 1;
    if (v155 && !(g_45d925 & 2))
        g_45d924 = 0;
    if (v153 && !((char)g_45d922 & 2))
        *((char *)&g_45d922) = 1;
    if (v155 && !((char)g_45d922 & 2))
        *((char *)&g_45d922) = 0;
    if (v153)
        g_45dc44 = 1;
    if (v153)
    {
        if (g_45da60 == 10)
        {
            if ((unsigned int)(g_45da64 - (((0xffffffff00000000 & v70 | 10) & 4294967295) >> 32)) >= 0)
                goto LABEL_43df00;
        }
        else
        {
            if ((unsigned int)(g_45da60 - (0xffffffff00000000 & v69 | 10)) >= 0)
            {
LABEL_43df00:
                if (!(g_45d957 & 2))
                {
                    g_45d956 = 1;
                    goto LABEL_43df4b;
                }
            }
        }
    }
    if (v155 && !(g_45d957 & 2))
        g_45d956 = 0;
LABEL_43df4b:
    v156 = g_45da6c;
    if (v156 && !g_45da6e)
        v265 = 1;
    else
        v265 = 0;
    v157 = v265;
    if (!v156 && g_45da6e)
        v266 = 1;
    else
        v266 = 0;
    v158 = v266;
    if (v156)
        g_45dc14 = 1;
    if (v156 && !(g_45d92f & 2))
        *((char *)&g_45d92e) = 1;
    if (v158 && !(g_45d92f & 2))
        *((char *)&g_45d92e) = 0;
    if (v156)
        g_45dc2c = 1;
    if (v156)
    {
        if (g_45da70 == 25)
        {
            if ((unsigned int)(g_45da74 - (((0xffffffff00000000 & v67 | 25) & 4294967295) >> 32)) >= 0)
                goto LABEL_43e0d2;
        }
        else
        {
            if ((unsigned int)(g_45da70 - (0xffffffff00000000 & v66 | 25)) >= 0)
            {
LABEL_43e0d2:
                if (!(g_45d959 & 2))
                {
                    g_45d958 = 1;
                    goto LABEL_43e11d;
                }
            }
        }
    }
    if (v158 && !(g_45d959 & 2))
        g_45d958 = 0;
LABEL_43e11d:
    v159 = g_45da7c;
    if (v159 && !g_45da7e)
        v267 = 1;
    else
        v267 = 0;
    v160 = v267;
    if (!v159 && g_45da7e)
        v268 = 1;
    else
        v268 = 0;
    v161 = v268;
    if (v159 && !(g_45d925 & 2))
        g_45d924 = 1;
    if (v161 && !(g_45d925 & 2))
        g_45d924 = 0;
    if (v159 && !((char)g_45d922 & 2))
        *((char *)&g_45d922) = 1;
    if (v161 && !((char)g_45d922 & 2))
        *((char *)&g_45d922) = 0;
    if (v159)
        g_45dd04 = 1;
    if (v159)
    {
        if (g_45da80 == 10)
        {
            if ((unsigned int)(g_45da84 - (((0xffffffff00000000 & v64 | 10) & 4294967295) >> 32)) >= 0)
                goto LABEL_43e2df;
        }
        else
        {
            if ((unsigned int)(g_45da80 - (0xffffffff00000000 & v63 | 10)) >= 0)
            {
LABEL_43e2df:
                if (!(g_45d95b & 2))
                {
                    g_45d95a = 1;
                    goto LABEL_43e32a;
                }
            }
        }
    }
    if (v161 && !(g_45d95b & 2))
        g_45d95a = 0;
LABEL_43e32a:
    v162 = g_45da8c;
    if (v162 && !g_45da8e)
        v269 = 1;
    else
        v269 = 0;
    v163 = v269;
    if (!v162 && g_45da8e)
        v270 = 1;
    else
        v270 = 0;
    v164 = v270;
    if (v162)
        g_45dc14 = 1;
    if (v162)
        g_45dc2c = 1;
    if (v162 && !(g_45d92b & 2))
        g_45d92a = 1;
    if (v164 && !(g_45d92b & 2))
        g_45d92a = 0;
    if (v162)
    {
        if (g_45da90 == 25)
        {
            if ((unsigned int)(g_45da94 - (((0xffffffff00000000 & v61 | 25) & 4294967295) >> 32)) >= 0)
                goto LABEL_43e4a8;
        }
        else
        {
            if ((unsigned int)(g_45da90 - (0xffffffff00000000 & v60 | 25)) >= 0)
            {
LABEL_43e4a8:
                if (!(g_45d95d & 2))
                {
                    g_45d95c = 1;
                    goto LABEL_43e4f0;
                }
            }
        }
    }
    if (v164 && !(g_45d95d & 2))
        g_45d95c = 0;
LABEL_43e4f0:
    v165 = g_45da9c;
    if (v165 && !g_45da9e)
        v271 = 1;
    else
        v271 = 0;
    v166 = v271;
    if (!v165 && g_45da9e)
        v272 = 1;
    else
        v272 = 0;
    v167 = v272;
    if (v165 && !(g_45d925 & 2))
        g_45d924 = 1;
    if (v167 && !(g_45d925 & 2))
        g_45d924 = 0;
    if (v165 && !((char)g_45d922 & 2))
        *((char *)&g_45d922) = 1;
    if (v167 && !((char)g_45d922 & 2))
        *((char *)&g_45d922) = 0;
    if (v165)
        g_45dd04 = 1;
    if (v165)
    {
        if (g_45daa0 == 25)
        {
            if ((unsigned int)(g_45daa4 - (((0xffffffff00000000 & v58 | 25) & 4294967295) >> 32)) >= 0)
                goto LABEL_43e691;
        }
        else
        {
            if ((unsigned int)(g_45daa0 - (0xffffffff00000000 & v57 | 25)) >= 0)
            {
LABEL_43e691:
                if (!(g_45d95f & 2))
                {
                    g_45d95e = 1;
                    goto LABEL_43e6d9;
                }
            }
        }
    }
    if (v167 && !(g_45d95f & 2))
        g_45d95e = 0;
LABEL_43e6d9:
    v168 = g_45daac;
    if (v168 && !g_45daae)
        v273 = 1;
    else
        v273 = 0;
    v169 = v273;
    if (!v168 && g_45daae)
        v274 = 1;
    else
        v274 = 0;
    v170 = v274;
    if (v168)
        g_45dc14 = 1;
    if (v168)
        g_45dc2c = 1;
    if (v168 && !(g_45d931 & 2))
        g_45d930 = 1;
    if (v170 && !(g_45d931 & 2))
        g_45d930 = 0;
    if (v168)
    {
        if (g_45dab0 == 25)
        {
            if ((unsigned int)(g_45dab4 - (((0xffffffff00000000 & v55 | 25) & 4294967295) >> 32)) >= 0)
                goto LABEL_43e842;
        }
        else
        {
            if ((unsigned int)(g_45dab0 - (0xffffffff00000000 & v54 | 25)) >= 0)
            {
LABEL_43e842:
                if (!(g_45d961 & 2))
                {
                    g_45d960 = 1;
                    goto LABEL_43e88a;
                }
            }
        }
    }
    if (v170 && !(g_45d961 & 2))
        g_45d960 = 0;
LABEL_43e88a:
    v171 = g_45dabc;
    if (v171 && !g_45dabe)
        v275 = 1;
    else
        v275 = 0;
    v172 = v275;
    if (!v171 && g_45dabe)
        v276 = 1;
    else
        v276 = 0;
    v173 = v276;
    if (v171 && !(g_45d925 & 2))
        g_45d924 = 1;
    if (v173 && !(g_45d925 & 2))
        g_45d924 = 0;
    if (v171 && !((char)g_45d922 & 2))
        *((char *)&g_45d922) = 1;
    if (v173 && !((char)g_45d922 & 2))
        *((char *)&g_45d922) = 0;
    if (v171)
        g_45dd04 = 1;
    if (v171)
    {
        if (g_45dac0 == 10)
        {
            if ((unsigned int)(g_45dac4 - (((0xffffffff00000000 & v52 | 10) & 4294967295) >> 32)) >= 0)
                goto LABEL_43ea2b;
        }
        else
        {
            if ((unsigned int)(g_45dac0 - (0xffffffff00000000 & v51 | 10)) >= 0)
            {
LABEL_43ea2b:
                if (!(g_45d963 & 2))
                {
                    g_45d962 = 1;
                    goto LABEL_43ea73;
                }
            }
        }
    }
    if (v173 && !(g_45d963 & 2))
        g_45d962 = 0;
LABEL_43ea73:
    v174 = g_45dacc;
    if (v174 && !g_45dace)
        v277 = 1;
    else
        v277 = 0;
    v175 = v277;
    if (!v174 && g_45dace)
        v278 = 1;
    else
        v278 = 0;
    v176 = v278;
    if (v174)
        g_45dc14 = 1;
    if (v174)
        g_45dc2c = 1;
    if (v174 && !(g_45d935 & 2))
        g_45d934 = 1;
    if (v176 && !(g_45d935 & 2))
        g_45d934 = 0;
    if (v174)
    {
        if (g_45dad0 == 25)
        {
            if ((unsigned int)(g_45dad4 - (((0xffffffff00000000 & v49 | 25) & 4294967295) >> 32)) >= 0)
                goto LABEL_43ebdc;
        }
        else
        {
            if ((unsigned int)(g_45dad0 - (0xffffffff00000000 & v48 | 25)) >= 0)
            {
LABEL_43ebdc:
                if (!(g_45d965 & 2))
                {
                    g_45d964 = 1;
                    goto LABEL_43ec24;
                }
            }
        }
    }
    if (v176 && !(g_45d965 & 2))
        g_45d964 = 0;
LABEL_43ec24:
    v177 = g_45dadc;
    if (v177 && !g_45dade)
        v279 = 1;
    else
        v279 = 0;
    v178 = v279;
    if (!v177 && g_45dade)
        v280 = 1;
    else
        v280 = 0;
    v179 = v280;
    if (v177 && !(g_45d925 & 2))
        g_45d924 = 1;
    if (v179 && !(g_45d925 & 2))
        g_45d924 = 0;
    if (v177 && !((char)g_45d922 & 2))
        *((char *)&g_45d922) = 1;
    if (v179 && !((char)g_45d922 & 2))
        *((char *)&g_45d922) = 0;
    if (v177)
        g_45dc8c = 1;
    if (v177)
    {
        if (g_45dae0 == 10)
        {
            if ((unsigned int)(g_45dae4 - (((0xffffffff00000000 & v46 | 10) & 4294967295) >> 32)) >= 0)
                goto LABEL_43edc5;
        }
        else
        {
            if ((unsigned int)(g_45dae0 - (0xffffffff00000000 & v45 | 10)) >= 0)
            {
LABEL_43edc5:
                if (!(g_45d967 & 2))
                {
                    g_45d966 = 1;
                    goto LABEL_43ee0d;
                }
            }
        }
    }
    if (v179 && !(g_45d967 & 2))
        g_45d966 = 0;
LABEL_43ee0d:
    v180 = g_45daec;
    if (v180 && !g_45daee)
        v281 = 1;
    else
        v281 = 0;
    v181 = v281;
    if (!v180 && g_45daee)
        v282 = 1;
    else
        v282 = 0;
    v182 = v282;
    if (v180 && !(g_45d925 & 2))
        g_45d924 = 1;
    if (v182 && !(g_45d925 & 2))
        g_45d924 = 0;
    if (v180 && !((char)g_45d922 & 2))
        *((char *)&g_45d922) = 1;
    if (v182 && !((char)g_45d922 & 2))
        *((char *)&g_45d922) = 0;
    if (v180)
    {
        if (g_45daf0 == 10)
        {
            if ((unsigned int)(g_45daf4 - (((0xffffffff00000000 & v43 | 10) & 4294967295) >> 32)) >= 0)
                goto LABEL_43ef9a;
        }
        else
        {
            if ((unsigned int)(g_45daf0 - (0xffffffff00000000 & v42 | 10)) >= 0)
            {
LABEL_43ef9a:
                if (!(g_45d969 & 2))
                {
                    g_45d968 = 1;
                    goto LABEL_43efe2;
                }
            }
        }
    }
    if (v182 && !(g_45d969 & 2))
        g_45d968 = 0;
LABEL_43efe2:
    v183 = g_45dafc;
    if (v183 && !g_45dafe)
        v283 = 1;
    else
        v283 = 0;
    v184 = v283;
    if (!v183 && g_45dafe)
        v284 = 1;
    else
        v284 = 0;
    v185 = v284;
    if (v183)
        g_45dc14 = 1;
    if (v183 && !(g_45d931 & 2))
        g_45d930 = 1;
    if (v185 && !(g_45d931 & 2))
        g_45d930 = 0;
    if (v183)
        g_45dc2c = 1;
    if (v183)
    {
        if (g_45db00 == 25)
        {
            if ((unsigned int)(g_45db04 - (((0xffffffff00000000 & v40 | 25) & 4294967295) >> 32)) >= 0)
                goto LABEL_43f14b;
        }
        else
        {
            if ((unsigned int)(g_45db00 - (0xffffffff00000000 & v39 | 25)) >= 0)
            {
LABEL_43f14b:
                if (!(g_45d96b & 2))
                {
                    g_45d96a = 1;
                    goto LABEL_43f193;
                }
            }
        }
    }
    if (v185 && !(g_45d96b & 2))
        g_45d96a = 0;
LABEL_43f193:
    v186 = g_45db0c;
    if (v186 && !g_45db0e)
        v285 = 1;
    else
        v285 = 0;
    v187 = v285;
    if (!v186 && g_45db0e)
        v286 = 1;
    else
        v286 = 0;
    v188 = v286;
    if (v186 && !(g_45d925 & 2))
        g_45d924 = 1;
    if (v188 && !(g_45d925 & 2))
        g_45d924 = 0;
    if (v186 && !((char)g_45d922 & 2))
        *((char *)&g_45d922) = 1;
    if (v188 && !((char)g_45d922 & 2))
        *((char *)&g_45d922) = 0;
    if (v186)
        g_45dc44 = 1;
    if (v186)
    {
        if (g_45db10 == 10)
        {
            if ((unsigned int)(g_45db14 - (((0xffffffff00000000 & v37 | 10) & 4294967295) >> 32)) >= 0)
                goto LABEL_43f334;
        }
        else
        {
            if ((unsigned int)(g_45db10 - (0xffffffff00000000 & v36 | 10)) >= 0)
            {
LABEL_43f334:
                if (!(g_45d96d & 2))
                {
                    g_45d96c = 1;
                    goto LABEL_43f37c;
                }
            }
        }
    }
    if (v188 && !(g_45d96d & 2))
        g_45d96c = 0;
LABEL_43f37c:
    v189 = g_45db1c;
    if (v189 && !g_45db1e)
        v287 = 1;
    else
        v287 = 0;
    v190 = v287;
    if (!v189 && g_45db1e)
        v288 = 1;
    else
        v288 = 0;
    v191 = v288;
    if (v189)
        g_45dc14 = 1;
    if (v189 && !(g_45d92f & 2))
        *((char *)&g_45d92e) = 1;
    if (v191 && !(g_45d92f & 2))
        *((char *)&g_45d92e) = 0;
    if (v189)
        g_45dc2c = 1;
    if (v189)
    {
        if (g_45db20 == 25)
        {
            if ((unsigned int)(g_45db24 - (((0xffffffff00000000 & v34 | 25) & 4294967295) >> 32)) >= 0)
                goto LABEL_43f4e5;
        }
        else
        {
            if ((unsigned int)(g_45db20 - (0xffffffff00000000 & v33 | 25)) >= 0)
            {
LABEL_43f4e5:
                if (!(g_45d96f & 2))
                {
                    g_45d96e = 1;
                    goto LABEL_43f52d;
                }
            }
        }
    }
    if (v191 && !(g_45d96f & 2))
        g_45d96e = 0;
LABEL_43f52d:
    v192 = g_45db2c;
    if (v192 && !g_45db2e)
        v289 = 1;
    else
        v289 = 0;
    v193 = v289;
    if (!v192 && g_45db2e)
        v290 = 1;
    else
        v290 = 0;
    v194 = v290;
    if (v192 && !(g_45d925 & 2))
        g_45d924 = 1;
    if (v194 && !(g_45d925 & 2))
        g_45d924 = 0;
    if (v192 && !((char)g_45d922 & 2))
        *((char *)&g_45d922) = 1;
    if (v194 && !((char)g_45d922 & 2))
        *((char *)&g_45d922) = 0;
    if (v192)
        g_45dd04 = 1;
    if (v192)
    {
        if (g_45db30 == 10)
        {
            if ((unsigned int)(g_45db34 - (((0xffffffff00000000 & v31 | 10) & 4294967295) >> 32)) >= 0)
                goto LABEL_43f6ce;
        }
        else
        {
            if ((unsigned int)(g_45db30 - (0xffffffff00000000 & v30 | 10)) >= 0)
            {
LABEL_43f6ce:
                if (!(g_45d971 & 2))
                {
                    g_45d970 = 1;
                    goto LABEL_43f716;
                }
            }
        }
    }
    if (v194 && !(g_45d971 & 2))
        g_45d970 = 0;
LABEL_43f716:
    v195 = g_45db3c;
    if (v195 && !g_45db3e)
        v291 = 1;
    else
        v291 = 0;
    v196 = v291;
    if (!v195 && g_45db3e)
        v292 = 1;
    else
        v292 = 0;
    v197 = v292;
    if (v195)
        g_45dc14 = 1;
    if (v195)
        g_45dc2c = 1;
    if (v195 && !(g_45d92b & 2))
        g_45d92a = 1;
    if (v197 && !(g_45d92b & 2))
        g_45d92a = 0;
    if (v195)
    {
        if (g_45db40 == 25)
        {
            if ((unsigned int)(g_45db44 - (((0xffffffff00000000 & v28 | 25) & 4294967295) >> 32)) >= 0)
                goto LABEL_43f87f;
        }
        else
        {
            if ((unsigned int)(g_45db40 - (0xffffffff00000000 & v27 | 25)) >= 0)
            {
LABEL_43f87f:
                if (!(g_45d973 & 2))
                {
                    g_45d972 = 1;
                    goto LABEL_43f8c7;
                }
            }
        }
    }
    if (v197 && !(g_45d973 & 2))
        g_45d972 = 0;
LABEL_43f8c7:
    v198 = g_45db4c;
    if (v198 && !g_45db4e)
        v293 = 1;
    else
        v293 = 0;
    v199 = v293;
    if (!v198 && g_45db4e)
        v294 = 1;
    else
        v294 = 0;
    v200 = v294;
    if (v198 && !(g_45d925 & 2))
        g_45d924 = 1;
    if (v200 && !(g_45d925 & 2))
        g_45d924 = 0;
    if (v198 && !((char)g_45d922 & 2))
        *((char *)&g_45d922) = 1;
    if (v200 && !((char)g_45d922 & 2))
        *((char *)&g_45d922) = 0;
    if (v198)
        g_45dd04 = 1;
    if (v198)
    {
        if (g_45db50 == 10)
        {
            if ((unsigned int)(g_45db54 - (((0xffffffff00000000 & v25 | 10) & 4294967295) >> 32)) >= 0)
                goto LABEL_43fa68;
        }
        else
        {
            if ((unsigned int)(g_45db50 - (0xffffffff00000000 & v24 | 10)) >= 0)
            {
LABEL_43fa68:
                if (!(g_45d975 & 2))
                {
                    g_45d974 = 1;
                    goto LABEL_43fab0;
                }
            }
        }
    }
    if (v200 && !(g_45d975 & 2))
        g_45d974 = 0;
LABEL_43fab0:
    v201 = g_45db5c;
    if (v201 && !g_45db5e)
        v295 = 1;
    else
        v295 = 0;
    v202 = v295;
    if (!v201 && g_45db5e)
        v296 = 1;
    else
        v296 = 0;
    v203 = v296;
    if (v201)
        g_45dc14 = 1;
    if (v201)
        g_45dc2c = 1;
    if (v201 && !(g_45d931 & 2))
        g_45d930 = 1;
    if (v203 && !(g_45d931 & 2))
        g_45d930 = 0;
    if (v201)
    {
        if (g_45db60 == 25)
        {
            if ((unsigned int)(g_45db64 - (((0xffffffff00000000 & v22 | 25) & 4294967295) >> 32)) >= 0)
                goto LABEL_43fc19;
        }
        else
        {
            if ((unsigned int)(g_45db60 - (0xffffffff00000000 & v21 | 25)) >= 0)
            {
LABEL_43fc19:
                if (!(g_45d977 & 2))
                {
                    g_45d976 = 1;
                    goto LABEL_43fc61;
                }
            }
        }
    }
    if (v203 && !(g_45d977 & 2))
        g_45d976 = 0;
LABEL_43fc61:
    v204 = g_45db6c;
    if (v204 && !g_45db6e)
        v297 = 1;
    else
        v297 = 0;
    v205 = v297;
    if (!v204 && g_45db6e)
        v298 = 1;
    else
        v298 = 0;
    v206 = v298;
    if (v204 && !(g_45d925 & 2))
        g_45d924 = 1;
    if (v206 && !(g_45d925 & 2))
        g_45d924 = 0;
    if (v204 && !((char)g_45d922 & 2))
        *((char *)&g_45d922) = 1;
    if (v206 && !((char)g_45d922 & 2))
        *((char *)&g_45d922) = 0;
    if (v204)
        g_45dd04 = 1;
    if (v204)
    {
        if (g_45db70 == 10)
        {
            if ((unsigned int)(g_45db74 - (((0xffffffff00000000 & v19 | 10) & 4294967295) >> 32)) >= 0)
                goto LABEL_43fe02;
        }
        else
        {
            if ((unsigned int)(g_45db70 - (0xffffffff00000000 & v18 | 10)) >= 0)
            {
LABEL_43fe02:
                if (!(g_45d979 & 2))
                {
                    g_45d978 = 1;
                    goto LABEL_43fe4a;
                }
            }
        }
    }
    if (v206 && !(g_45d979 & 2))
        g_45d978 = 0;
LABEL_43fe4a:
    v207 = g_45db7c;
    if (v207 && !g_45db7e)
        v299 = 1;
    else
        v299 = 0;
    v208 = v299;
    if (!v207 && g_45db7e)
        v300 = 1;
    else
        v300 = 0;
    v209 = v300;
    if (v207)
        g_45dc14 = 1;
    if (v207)
        g_45dc2c = 1;
    if (v207 && !(g_45d935 & 2))
        g_45d934 = 1;
    if (v209 && !(g_45d935 & 2))
        g_45d934 = 0;
    if (v207)
    {
        if (g_45db80 == 25)
        {
            if ((unsigned int)(g_45db84 - (((0xffffffff00000000 & v16 | 25) & 4294967295) >> 32)) >= 0)
                goto LABEL_43ffb3;
        }
        else
        {
            if ((unsigned int)(g_45db80 - (0xffffffff00000000 & v15 | 25)) >= 0)
            {
LABEL_43ffb3:
                if (!(g_45d97b & 2))
                {
                    g_45d97a = 1;
                    goto LABEL_43fffb;
                }
            }
        }
    }
    if (v209 && !(g_45d97b & 2))
        g_45d97a = 0;
LABEL_43fffb:
    v210 = g_45db8c;
    if (v210 && !g_45db8e)
        v301 = 1;
    else
        v301 = 0;
    v211 = v301;
    if (!v210 && g_45db8e)
        v302 = 1;
    else
        v302 = 0;
    v212 = v302;
    if (v210 && !(g_45d925 & 2))
        g_45d924 = 1;
    if (v212 && !(g_45d925 & 2))
        g_45d924 = 0;
    if (v210 && !((char)g_45d922 & 2))
        *((char *)&g_45d922) = 1;
    if (v212 && !((char)g_45d922 & 2))
        *((char *)&g_45d922) = 0;
    if (v210)
        g_45dc8c = 1;
    if (v210)
    {
        if (g_45db90 == 10)
        {
            if ((unsigned int)(g_45db94 - (((0xffffffff00000000 & v13 | 10) & 4294967295) >> 32)) >= 0)
                goto LABEL_44019c;
        }
        else
        {
            if ((unsigned int)(g_45db90 - (0xffffffff00000000 & v12 | 10)) >= 0)
            {
LABEL_44019c:
                if (!(g_45d97d & 2))
                {
                    g_45d97c = 1;
                    goto LABEL_4401e4;
                }
            }
        }
    }
    if (v212 && !(g_45d97d & 2))
        g_45d97c = 0;
LABEL_4401e4:
    v213 = g_45db9c;
    if (v213 && !g_45db9e)
        v303 = 1;
    else
        v303 = 0;
    v214 = v303;
    if (!v213 && g_45db9e)
        v304 = 1;
    else
        v304 = 0;
    v215 = v304;
    if (v213)
        g_45dc14 = 1;
    if (v213)
        g_45dc2c = 1;
    if (v213 && !(g_45d933 & 2))
        g_45d932 = 1;
    if (v215 && !(g_45d933 & 2))
        g_45d932 = 0;
    if (v213)
    {
        if (g_45dba0 == 10)
        {
            if ((unsigned int)(g_45dba4 - (((0xffffffff00000000 & v10 | 10) & 4294967295) >> 32)) >= 0)
                goto LABEL_440345;
        }
        else
        {
            if ((unsigned int)(g_45dba0 - (0xffffffff00000000 & v9 | 10)) >= 0)
            {
LABEL_440345:
                if (!(g_45d97f & 2))
                {
                    g_45d97e = 1;
                    goto LABEL_44038d;
                }
            }
        }
    }
    if (v215 && !(g_45d97f & 2))
        g_45d97e = 0;
LABEL_44038d:
    v216 = g_45dbac;
    if (v216 && !g_45dbae)
        v305 = 1;
    else
        v305 = 0;
    v217 = v305;
    if (!v216 && g_45dbae)
        v306 = 1;
    else
        v306 = 0;
    v218 = v306;
    if (v216 && !(g_45d925 & 2))
        g_45d924 = 1;
    if (v218 && !(g_45d925 & 2))
        g_45d924 = 0;
    if (v216 && !((char)g_45d922 & 2))
        *((char *)&g_45d922) = 1;
    if (v218 && !((char)g_45d922 & 2))
        *((char *)&g_45d922) = 0;
    if (v216)
        g_45dc74 = 1;
    if (v216)
    {
        if (g_45dbb0 == 10)
        {
            if ((unsigned int)(g_45dbb4 - (((0xffffffff00000000 & v7 | 10) & 4294967295) >> 32)) >= 0)
                goto LABEL_440526;
        }
        else
        {
            if ((unsigned int)(g_45dbb0 - (0xffffffff00000000 & v6 | 10)) >= 0)
            {
LABEL_440526:
                if (!(g_45d981 & 2))
                {
                    g_45d980 = 1;
                    goto LABEL_44056e;
                }
            }
        }
    }
    if (v218 && !(g_45d981 & 2))
        g_45d980 = 0;
LABEL_44056e:
    v219 = g_45dbbc;
    if (v219 && !g_45dbbe)
        v307 = 1;
    else
        v307 = 0;
    v220 = v307;
    if (!v219 && g_45dbbe)
        v308 = 1;
    else
        v308 = 0;
    v221 = v308;
    if (v219)
        g_45dc14 = 1;
    if (v219)
        g_45dc2c = 1;
    if (v219 && !(g_45d92b & 2))
        g_45d92a = 1;
    if (v221 && !(g_45d92b & 2))
        g_45d92a = 0;
    if (v219)
    {
        if (g_45dbc0 == 25)
        {
            if ((unsigned int)(g_45dbc4 - (((0xffffffff00000000 & v4 | 25) & 4294967295) >> 32)) >= 0)
                goto LABEL_4406cf;
        }
        else
        {
            if ((unsigned int)(g_45dbc0 - (0xffffffff00000000 & v3 | 25)) >= 0)
            {
LABEL_4406cf:
                if (!(g_45d983 & 2))
                {
                    g_45d982 = 1;
                    goto LABEL_440717;
                }
            }
        }
    }
    if (v221 && !(g_45d983 & 2))
        g_45d982 = 0;
LABEL_440717:
    v222 = g_45dbcc;
    if (v222 && !g_45dbce)
        v309 = 1;
    else
        v309 = 0;
    v223 = v309;
    if (!v222 && g_45dbce)
        v310 = 1;
    else
        v310 = 0;
    v224 = v310;
    if (v222 && !(g_45d925 & 2))
        g_45d924 = 1;
    if (v224 && !(g_45d925 & 2))
        g_45d924 = 0;
    if (v222 && !((char)g_45d922 & 2))
        *((char *)&g_45d922) = 1;
    if (v224 && !((char)g_45d922 & 2))
        *((char *)&g_45d922) = 0;
    if (v222)
        g_45dc5c = 1;
    if (v222)
    {
        if (g_45dbd0 == 10)
        {
            if ((unsigned int)(g_45dbd4 - (((0xffffffff00000000 & v1 | 10) & 4294967295) >> 32)) >= 0)
                goto LABEL_4408b0;
        }
        else
        {
            if ((unsigned int)(g_45dbd0 - (0xffffffff00000000 & v0 | 10)) >= 0)
            {
LABEL_4408b0:
                if (!(g_45d985 & 2))
                {
                    g_45d984 = 1;
                    goto LABEL_4408f8;
                }
            }
        }
    }
    if (v224 && !(g_45d985 & 2))
        g_45d984 = 0;
LABEL_4408f8:
    for (v225 = 0; v225 < g_45e060; v225 += 1)
    {
        if (g_45dbe3[24 * v225])
        {
            *((unsigned int *)&(&g_45dbe8)[24 * v225]) = 0;
            g_45dbec[6 * v225] = 0;
            g_45dbe0[24 * v225] = 1;
        }
        if (g_45dbe4[24 * v225])
        {
            *((unsigned int *)&(&g_45dbf0)[24 * v225]) = 0;
            g_45dbf4[6 * v225] = 0;
            g_45dbe0[24 * v225] = 0;
        }
        if (!(g_45dbe2[24 * v225] & 2))
            g_45dbe1[24 * v225] = g_45dbe1[24 * v225] | g_45dbe0[24 * v225];
    }
    if (g_45dbfc)
    {
        if (!(g_45d921 & 2))
            RES0__INSTANCE0 = 0;
    }
    else
    {
        if (g_45dbfb && !(g_45d921 & 2))
            RES0__INSTANCE0 = 1;
    }
    if (g_45dc14)
    {
        if (!(g_45d925 & 2))
            g_45d924 = 0;
    }
    else
    {
        if (g_45dc13 && !(g_45d925 & 2))
            g_45d924 = 1;
    }
    if (g_45dc2c)
    {
        if (!((char)g_45d922 & 2))
            *((char *)&g_45d922) = 0;
    }
    else
    {
        if (g_45dc2b && !((char)g_45d922 & 2))
            *((char *)&g_45d922) = 1;
    }
    if (g_45dc44)
    {
        if (!(g_45d931 & 2))
            g_45d930 = 0;
    }
    else
    {
        if (g_45dc43 && !(g_45d931 & 2))
            g_45d930 = 1;
    }
    if (g_45dc5c)
    {
        if (!(g_45d92b & 2))
            g_45d92a = 0;
    }
    else
    {
        if (g_45dc5b && !(g_45d92b & 2))
            g_45d92a = 1;
    }
    if (g_45dc74)
    {
        if (!(g_45d933 & 2))
            g_45d932 = 0;
    }
    else
    {
        if (g_45dc73 && !(g_45d933 & 2))
            g_45d932 = 1;
    }
    if (g_45dc8c)
    {
        if (!(g_45d935 & 2))
            g_45d934 = 0;
    }
    else
    {
        if (g_45dc8b && !(g_45d935 & 2))
            g_45d934 = 1;
    }
    if (g_45dca4)
    {
        if (!(g_45d937 & 2))
            g_45d936 = 0;
    }
    else
    {
        if (g_45dca3 && !(g_45d937 & 2))
            g_45d936 = 1;
    }
    if (g_45dcbc)
    {
        if (!(g_45d929 & 2))
            g_45d928 = 0;
    }
    else
    {
        if (g_45dcbb && !(g_45d929 & 2))
            g_45d928 = 1;
    }
    if (g_45dcd4)
    {
        if (!(g_45d92d & 2))
            g_45d92c[0] = 0;
    }
    else
    {
        if (g_45dcd3 && !(g_45d92d & 2))
            g_45d92c[0] = 1;
    }
    if (g_45dcec)
    {
        if (!(g_45d927 & 2))
            g_45d926 = 0;
    }
    else
    {
        if (g_45dceb && !(g_45d927 & 2))
            g_45d926 = 1;
    }
    if (g_45dd04)
    {
        if (!(g_45d92f & 2))
            *((char *)&g_45d92e) = 0;
    }
    else
    {
        if (g_45dd03 && !(g_45d92f & 2))
            *((char *)&g_45d92e) = 1;
    }
    if (g_45dd1c)
    {
        if (!(g_45d941 & 2))
            g_45d940 = 0;
    }
    else
    {
        if (g_45dd1b && !(g_45d941 & 2))
            g_45d940 = 1;
    }
    if (g_45dd34)
    {
        if (!(g_45d943 & 2))
            g_45d942 = 0;
    }
    else
    {
        if (g_45dd33 && !(g_45d943 & 2))
            g_45d942 = 1;
    }
    if (g_45dd4c)
    {
        if (!(g_45d945 & 2))
            g_45d944 = 0;
    }
    else
    {
        if (g_45dd4b && !(g_45d945 & 2))
            g_45d944 = 1;
    }
    if (g_45dd64)
    {
        if (!(g_45d947 & 2))
            g_45d946 = 0;
    }
    else
    {
        if (g_45dd63 && !(g_45d947 & 2))
            g_45d946 = 1;
    }
    if (g_45dd7c)
    {
        if (!(g_45d949 & 2))
            g_45d948 = 0;
    }
    else
    {
        if (g_45dd7b && !(g_45d949 & 2))
            g_45d948 = 1;
    }
    if (g_45dd94)
    {
        if (!(g_45d94b & 2))
            g_45d94a = 0;
    }
    else
    {
        if (g_45dd93 && !(g_45d94b & 2))
            g_45d94a = 1;
    }
    if (g_45ddac)
    {
        if (!(g_45d94d & 2))
            g_45d94c = 0;
    }
    else
    {
        if (g_45ddab && !(g_45d94d & 2))
            g_45d94c = 1;
    }
    if (g_45ddc4)
    {
        if (!(g_45d94f & 2))
            g_45d94e = 0;
    }
    else
    {
        if (g_45ddc3 && !(g_45d94f & 2))
            g_45d94e = 1;
    }
    if (g_45dddc)
    {
        if (!(g_45d951 & 2))
            g_45d950 = 0;
    }
    else
    {
        if (g_45dddb && !(g_45d951 & 2))
            g_45d950 = 1;
    }
    if (g_45ddf4)
    {
        if (!(g_45d953 & 2))
            g_45d952 = 0;
    }
    else
    {
        if (g_45ddf3 && !(g_45d953 & 2))
            g_45d952 = 1;
    }
    if (g_45de0c)
    {
        if (!(g_45d955 & 2))
            g_45d954 = 0;
    }
    else
    {
        if (g_45de0b && !(g_45d955 & 2))
            g_45d954 = 1;
    }
    if (g_45de24)
    {
        if (!(g_45d957 & 2))
            g_45d956 = 0;
    }
    else
    {
        if (g_45de23 && !(g_45d957 & 2))
            g_45d956 = 1;
    }
    if (g_45de3c)
    {
        if (!(g_45d959 & 2))
            g_45d958 = 0;
    }
    else
    {
        if (g_45de3b && !(g_45d959 & 2))
            g_45d958 = 1;
    }
    if (g_45de54)
    {
        if (!(g_45d95b & 2))
            g_45d95a = 0;
    }
    else
    {
        if (g_45de53 && !(g_45d95b & 2))
            g_45d95a = 1;
    }
    if (g_45de6c)
    {
        if (!(g_45d95d & 2))
            g_45d95c = 0;
    }
    else
    {
        if (g_45de6b && !(g_45d95d & 2))
            g_45d95c = 1;
    }
    if (g_45de84)
    {
        if (!(g_45d95f & 2))
            g_45d95e = 0;
    }
    else
    {
        if (g_45de83 && !(g_45d95f & 2))
            g_45d95e = 1;
    }
    if (g_45de9c)
    {
        if (!(g_45d961 & 2))
            g_45d960 = 0;
    }
    else
    {
        if (g_45de9b && !(g_45d961 & 2))
            g_45d960 = 1;
    }
    if (g_45deb4)
    {
        if (!(g_45d963 & 2))
            g_45d962 = 0;
    }
    else
    {
        if (g_45deb3 && !(g_45d963 & 2))
            g_45d962 = 1;
    }
    if (g_45decc)
    {
        if (!(g_45d965 & 2))
            g_45d964 = 0;
    }
    else
    {
        if (g_45decb && !(g_45d965 & 2))
            g_45d964 = 1;
    }
    if (g_45dee4)
    {
        if (!(g_45d967 & 2))
            g_45d966 = 0;
    }
    else
    {
        if (g_45dee3 && !(g_45d967 & 2))
            g_45d966 = 1;
    }
    if (g_45defc)
    {
        if (!(g_45d969 & 2))
            g_45d968 = 0;
    }
    else
    {
        if (g_45defb && !(g_45d969 & 2))
            g_45d968 = 1;
    }
    if (g_45df14)
    {
        if (!(g_45d96b & 2))
            g_45d96a = 0;
    }
    else
    {
        if (g_45df13 && !(g_45d96b & 2))
            g_45d96a = 1;
    }
    if (g_45df2c)
    {
        if (!(g_45d96d & 2))
            g_45d96c = 0;
    }
    else
    {
        if (g_45df2b && !(g_45d96d & 2))
            g_45d96c = 1;
    }
    if (g_45df44)
    {
        if (!(g_45d96f & 2))
            g_45d96e = 0;
    }
    else
    {
        if (g_45df43 && !(g_45d96f & 2))
            g_45d96e = 1;
    }
    if (g_45df5c)
    {
        if (!(g_45d971 & 2))
            g_45d970 = 0;
    }
    else
    {
        if (g_45df5b && !(g_45d971 & 2))
            g_45d970 = 1;
    }
    if (g_45df74)
    {
        if (!(g_45d973 & 2))
            g_45d972 = 0;
    }
    else
    {
        if (g_45df73 && !(g_45d973 & 2))
            g_45d972 = 1;
    }
    if (g_45df8c)
    {
        if (!(g_45d975 & 2))
            g_45d974 = 0;
    }
    else
    {
        if (g_45df8b && !(g_45d975 & 2))
            g_45d974 = 1;
    }
    if (g_45dfa4)
    {
        if (!(g_45d977 & 2))
            g_45d976 = 0;
    }
    else
    {
        if (g_45dfa3 && !(g_45d977 & 2))
            g_45d976 = 1;
    }
    if (g_45dfbc)
    {
        if (!(g_45d979 & 2))
            g_45d978 = 0;
    }
    else
    {
        if (g_45dfbb && !(g_45d979 & 2))
            g_45d978 = 1;
    }
    if (g_45dfd4)
    {
        if (!(g_45d97b & 2))
            g_45d97a = 0;
    }
    else
    {
        if (g_45dfd3 && !(g_45d97b & 2))
            g_45d97a = 1;
    }
    if (g_45dfec)
    {
        if (!(g_45d97d & 2))
            g_45d97c = 0;
    }
    else
    {
        if (g_45dfeb && !(g_45d97d & 2))
            g_45d97c = 1;
    }
    if (g_45e004)
    {
        if (!(g_45d97f & 2))
            g_45d97e = 0;
    }
    else
    {
        if (g_45e003 && !(g_45d97f & 2))
            g_45d97e = 1;
    }
    if (g_45e01c)
    {
        if (!(g_45d981 & 2))
            g_45d980 = 0;
    }
    else
    {
        if (g_45e01b && !(g_45d981 & 2))
            g_45d980 = 1;
    }
    if (g_45e034)
    {
        if (!(g_45d983 & 2))
            g_45d982 = 0;
    }
    else
    {
        if (g_45e033 && !(g_45d983 & 2))
            g_45d982 = 1;
    }
    if (g_45e04c)
    {
        if (!(g_45d985 & 2))
            g_45d984 = 0;
    }
    else
    {
        if (g_45e04b && !(g_45d985 & 2))
            g_45d984 = 1;
    }
    if ((char)g_45dbe1)
    {
        if (!(g_45d987 & 2))
            g_45d986 = EQ__BOOL__SINT(1, 0, 2, g_45d938, g_45d93a);
        if (!(g_45d989 & 2))
            g_45d988 = EQ__BOOL__SINT(1, 0, 2, g_45d938, g_45d93c);
        if (!(g_45d98b & 2))
            g_45d98a = EQ__BOOL__SINT(1, 0, 2, g_45d938, g_45d93e);
    }
    return;
}

[CmpEQ(Load(addr=0x44a308<64>, size=1, endness=Iend_LE), 0x0<8>), CmpLT (signed)(Conv(16I->32I, vvar_14245{s-74|2b}), Conv(16I->32I, Load(addr=0x45e0fe<64>, size=2, endness=Iend_LE))), CmpLT (signed)(Conv(16I->32I, vvar_14244{s-74|2b}), Conv(16I->32I, Load(addr=0x45dbdc<64>, size=2, endness=Iend_LE))), CmpEQ(Load(addr=((Conv(16I->64I, (vvar_14244{s-74|2b} + 0x6<16>)) * 0x10<64>) + 0x45d92c<64>), size=1, endness=Iend_LE), 0x0<8>), CmpLT (signed)(Conv(16I->32I, vvar_14247{s-74|2b}), Conv(16I->32I, Load(addr=0x45e060<64>, size=2, endness=Iend_LE))), CmpEQ((Load(addr=((Conv(16I->64I, vvar_14247{s-74|2b}) * 0x18<64>) + 0x45dbe2<64>), size=1, endness=Iend_LE) & 0x2<8>), 0x0<8>), CmpEQ(Conv(64I->32I, vvar_3064{r112|8b}), Load(addr=((Conv(16I->64I, vvar_14247{s-74|2b}) * 0x18<64>) + 0x45dbe8<64>), size=4, endness=Iend_LE)), CmpEQ(vvar_76{r16|1b}, 0x0<8>), CmpEQ(Conv(64I->32I, vvar_3166{r136|8b}), Load(addr=((Conv(16I->64I, vvar_14247{s-74|2b}) * 0x18<64>) + 0x45dbe8<64>), size=4, endness=Iend_LE)), CmpEQ(vvar_130{r16|1b}, 0x0<8>), CmpEQ(Conv(64I->32I, vvar_14351{s-232|8b}), Load(addr=((Conv(16I->64I, vvar_14247{s-74|2b}) * 0x18<64>) + 0x45dbf0<64>), size=4, endness=Iend_LE)), CmpEQ(vvar_107{r16|1b}, 0x0<8>), CmpEQ(Conv(64I->32I, vvar_14355{s-256|8b}), Load(addr=((Conv(16I->64I, vvar_14247{s-74|2b}) * 0x18<64>) + 0x45dbf0<64>), size=4, endness=Iend_LE)), CmpEQ(vvar_149{r16|1b}, 0x0<8>), CmpEQ(Load(addr=0x45d98c<64>, size=1, endness=Iend_LE), 0x0<8>), CmpEQ((Load(addr=0x45e063<64>, size=1, endness=Iend_LE) & 0x2<8>), 0x0<8>), CmpEQ(Load(addr=0x44a308<64>, size=1, endness=Iend_LE), 0x0<8>), CmpEQ((Load(addr=0x45e0b1<64>, size=1, endness=Iend_LE) & 0x2<8>), 0x0<8>), CmpEQ(Load(addr=0x44a308<64>, size=1, endness=Iend_LE), 0x0<8>), CmpEQ((Load(addr=0x45e0b1<64>, size=1, endness=Iend_LE) & 0x2<8>), 0x0<8>), CmpEQ((Load(addr=0x45e063<64>, size=1, endness=Iend_LE) & 0x2<8>), 0x0<8>), CmpEQ(Load(addr=0x45d99c<64>, size=1, endness=Iend_LE), 0x0<8>), CmpEQ((Load(addr=0x45e065<64>, size=1, endness=Iend_LE) & 0x2<8>), 0x0<8>), CmpEQ(Load(addr=0x44a308<64>, size=1, endness=Iend_LE), 0x0<8>), CmpEQ((Load(addr=0x45e0b3<64>, size=1, endness=Iend_LE) & 0x2<8>), 0x0<8>), CmpEQ(Load(addr=0x44a308<64>, size=1, endness=Iend_LE), 0x0<8>), CmpEQ((Load(addr=0x45e0b3<64>, size=1, endness=Iend_LE) & 0x2<8>), 0x0<8>), CmpEQ((Load(addr=0x45e065<64>, size=1, endness=Iend_LE) & 0x2<8>), 0x0<8>), CmpEQ(Load(addr=0x45d9ac<64>, size=1, endness=Iend_LE), 0x0<8>), CmpEQ((Load(addr=0x45e067<64>, size=1, endness=Iend_LE) & 0x2<8>), 0x0<8>), CmpEQ(Load(addr=0x44a308<64>, size=1, endness=Iend_LE), 0x0<8>), CmpEQ((Load(addr=0x45e0b5<64>, size=1, endness=Iend_LE) & 0x2<8>), 0x0<8>), CmpEQ(Load(addr=0x44a308<64>, size=1, endness=Iend_LE), 0x0<8>), CmpEQ((Load(addr=0x45e0b5<64>, size=1, endness=Iend_LE) & 0x2<8>), 0x0<8>), CmpEQ((Load(addr=0x45e067<64>, size=1, endness=Iend_LE) & 0x2<8>), 0x0<8>), CmpEQ(Load(addr=0x45d9bc<64>, size=1, endness=Iend_LE), 0x0<8>), CmpEQ((Load(addr=0x45e069<64>, size=1, endness=Iend_LE) & 0x2<8>), 0x0<8>), CmpEQ(Load(addr=0x44a308<64>, size=1, endness=Iend_LE), 0x0<8>), CmpEQ((Load(addr=0x45e0b7<64>, size=1, endness=Iend_LE) & 0x2<8>), 0x0<8>), CmpEQ(Load(addr=0x44a308<64>, size=1, endness=Iend_LE), 0x0<8>), CmpEQ((Load(addr=0x45e0b7<64>, size=1, endness=Iend_LE) & 0x2<8>), 0x0<8>), CmpEQ((Load(addr=0x45e069<64>, size=1, endness=Iend_LE) & 0x2<8>), 0x0<8>), CmpEQ(Load(addr=0x45d9cc<64>, size=1, endness=Iend_LE), 0x0<8>), CmpEQ((Load(addr=0x45e06b<64>, size=1, endness=Iend_LE) & 0x2<8>), 0x0<8>), CmpEQ(Load(addr=0x44a308<64>, size=1, endness=Iend_LE), 0x0<8>), CmpEQ((Load(addr=0x45e0b9<64>, size=1, endness=Iend_LE) & 0x2<8>), 0x0<8>), CmpEQ(Load(addr=0x44a308<64>, size=1, endness=Iend_LE), 0x0<8>), CmpEQ((Load(addr=0x45e0b9<64>, size=1, endness=Iend_LE) & 0x2<8>), 0x0<8>), CmpEQ((Load(addr=0x45e06b<64>, size=1, endness=Iend_LE) & 0x2<8>), 0x0<8>), CmpEQ(Load(addr=0x45d9dc<64>, size=1, endness=Iend_LE), 0x0<8>), CmpEQ((Load(addr=0x45e06d<64>, size=1, endness=Iend_LE) & 0x2<8>), 0x0<8>), CmpEQ(Load(addr=0x44a308<64>, size=1, endness=Iend_LE), 0x0<8>), CmpEQ((Load(addr=0x45e0bb<64>, size=1, endness=Iend_LE) & 0x2<8>), 0x0<8>), CmpEQ(Load(addr=0x44a308<64>, size=1, endness=Iend_LE), 0x0<8>), CmpEQ((Load(addr=0x45e0bb<64>, size=1, endness=Iend_LE) & 0x2<8>), 0x0<8>), CmpEQ((Load(addr=0x45e06d<64>, size=1, endness=Iend_LE) & 0x2<8>), 0x0<8>), CmpEQ(Load(addr=0x45d9ec<64>, size=1, endness=Iend_LE), 0x0<8>), CmpEQ((Load(addr=0x45e06f<64>, size=1, endness=Iend_LE) & 0x2<8>), 0x0<8>), CmpEQ(Load(addr=0x44a308<64>, size=1, endness=Iend_LE), 0x0<8>), CmpEQ((Load(addr=0x45e0bd<64>, size=1, endness=Iend_LE) & 0x2<8>), 0x0<8>), CmpEQ(Load(addr=0x44a308<64>, size=1, endness=Iend_LE), 0x0<8>), CmpEQ((Load(addr=0x45e0bd<64>, size=1, endness=Iend_LE) & 0x2<8>), 0x0<8>), CmpEQ((Load(addr=0x45e06f<64>, size=1, endness=Iend_LE) & 0x2<8>), 0x0<8>), CmpEQ(Load(addr=0x45d9fc<64>, size=1, endness=Iend_LE), 0x0<8>), CmpEQ((Load(addr=0x45e071<64>, size=1, endness=Iend_LE) & 0x2<8>), 0x0<8>), CmpEQ(Load(addr=0x44a308<64>, size=1, endness=Iend_LE), 0x0<8>), CmpEQ((Load(addr=0x45e0bf<64>, size=1, endness=Iend_LE) & 0x2<8>), 0x0<8>), CmpEQ(Load(addr=0x44a308<64>, size=1, endness=Iend_LE), 0x0<8>), CmpEQ((Load(addr=0x45e0bf<64>, size=1, endness=Iend_LE) & 0x2<8>), 0x0<8>), CmpEQ((Load(addr=0x45e071<64>, size=1, endness=Iend_LE) & 0x2<8>), 0x0<8>), CmpEQ(Load(addr=0x45da0c<64>, size=1, endness=Iend_LE), 0x0<8>), CmpEQ((Load(addr=0x45e073<64>, size=1, endness=Iend_LE) & 0x2<8>), 0x0<8>), CmpEQ(Load(addr=0x44a308<64>, size=1, endness=Iend_LE), 0x0<8>), CmpEQ((Load(addr=0x45e0c1<64>, size=1, endness=Iend_LE) & 0x2<8>), 0x0<8>), CmpEQ(Load(addr=0x44a308<64>, size=1, endness=Iend_LE), 0x0<8>), CmpEQ((Load(addr=0x45e0c1<64>, size=1, endness=Iend_LE) & 0x2<8>), 0x0<8>), CmpEQ((Load(addr=0x45e073<64>, size=1, endness=Iend_LE) & 0x2<8>), 0x0<8>), CmpEQ(Load(addr=0x45da1c<64>, size=1, endness=Iend_LE), 0x0<8>), CmpEQ((Load(addr=0x45e075<64>, size=1, endness=Iend_LE) & 0x2<8>), 0x0<8>), CmpEQ(Load(addr=0x44a308<64>, size=1, endness=Iend_LE), 0x0<8>), CmpEQ((Load(addr=0x45e0c3<64>, size=1, endness=Iend_LE) & 0x2<8>), 0x0<8>), CmpEQ(Load(addr=0x44a308<64>, size=1, endness=Iend_LE), 0x0<8>), CmpEQ((Load(addr=0x45e0c3<64>, size=1, endness=Iend_LE) & 0x2<8>), 0x0<8>), CmpEQ((Load(addr=0x45e075<64>, size=1, endness=Iend_LE) & 0x2<8>), 0x0<8>), CmpEQ(Load(addr=0x45da2c<64>, size=1, endness=Iend_LE), 0x0<8>), CmpEQ((Load(addr=0x45e077<64>, size=1, endness=Iend_LE) & 0x2<8>), 0x0<8>), CmpEQ(Load(addr=0x44a308<64>, size=1, endness=Iend_LE), 0x0<8>), CmpEQ((Load(addr=0x45e0c5<64>, size=1, endness=Iend_LE) & 0x2<8>), 0x0<8>), CmpEQ(Load(addr=0x44a308<64>, size=1, endness=Iend_LE), 0x0<8>), CmpEQ((Load(addr=0x45e0c5<64>, size=1, endness=Iend_LE) & 0x2<8>), 0x0<8>), CmpEQ((Load(addr=0x45e077<64>, size=1, endness=Iend_LE) & 0x2<8>), 0x0<8>), CmpEQ(Load(addr=0x45d99c<64>, size=1, endness=Iend_LE), 0x0<8>), CmpEQ((Load(addr=0x45e079<64>, size=1, endness=Iend_LE) & 0x2<8>), 0x0<8>), CmpEQ(Load(addr=0x44a308<64>, size=1, endness=Iend_LE), 0x0<8>), CmpEQ((Load(addr=0x45e0c7<64>, size=1, endness=Iend_LE) & 0x2<8>), 0x0<8>), CmpEQ(Load(addr=0x44a308<64>, size=1, endness=Iend_LE), 0x0<8>), CmpEQ((Load(addr=0x45e0c7<64>, size=1, endness=Iend_LE) & 0x2<8>), 0x0<8>), CmpEQ((Load(addr=0x45e079<64>, size=1, endness=Iend_LE) & 0x2<8>), 0x0<8>), CmpEQ(Load(addr=0x45da3c<64>, size=1, endness=Iend_LE), 0x0<8>), CmpEQ((Load(addr=0x45e07b<64>, size=1, endness=Iend_LE) & 0x2<8>), 0x0<8>), CmpEQ(Load(addr=0x44a308<64>, size=1, endness=Iend_LE), 0x0<8>), CmpEQ((Load(addr=0x45e0c9<64>, size=1, endness=Iend_LE) & 0x2<8>), 0x0<8>), CmpEQ(Load(addr=0x44a308<64>, size=1, endness=Iend_LE), 0x0<8>), CmpEQ((Load(addr=0x45e0c9<64>, size=1, endness=Iend_LE) & 0x2<8>), 0x0<8>), CmpEQ((Load(addr=0x45e07b<64>, size=1, endness=Iend_LE) & 0x2<8>), 0x0<8>), CmpEQ(Load(addr=0x45da4c<64>, size=1, endness=Iend_LE), 0x0<8>), CmpEQ((Load(addr=0x45e07d<64>, size=1, endness=Iend_LE) & 0x2<8>), 0x0<8>), CmpEQ(Load(addr=0x44a308<64>, size=1, endness=Iend_LE), 0x0<8>), CmpEQ((Load(addr=0x45e0cb<64>, size=1, endness=Iend_LE) & 0x2<8>), 0x0<8>), CmpEQ(Load(addr=0x44a308<64>, size=1, endness=Iend_LE), 0x0<8>), CmpEQ((Load(addr=0x45e0cb<64>, size=1, endness=Iend_LE) & 0x2<8>), 0x0<8>), CmpEQ((Load(addr=0x45e07d<64>, size=1, endness=Iend_LE) & 0x2<8>), 0x0<8>), CmpEQ(Load(addr=0x45da5c<64>, size=1, endness=Iend_LE), 0x0<8>), CmpEQ((Load(addr=0x45e07f<64>, size=1, endness=Iend_LE) & 0x2<8>), 0x0<8>), CmpEQ(Load(addr=0x44a308<64>, size=1, endness=Iend_LE), 0x0<8>), CmpEQ((Load(addr=0x45e0cd<64>, size=1, endness=Iend_LE) & 0x2<8>), 0x0<8>), CmpEQ(Load(addr=0x44a308<64>, size=1, endness=Iend_LE), 0x0<8>), CmpEQ((Load(addr=0x45e0cd<64>, size=1, endness=Iend_LE) & 0x2<8>), 0x0<8>), CmpEQ((Load(addr=0x45e07f<64>, size=1, endness=Iend_LE) & 0x2<8>), 0x0<8>), CmpEQ(Load(addr=0x45da6c<64>, size=1, endness=Iend_LE), 0x0<8>), CmpEQ((Load(addr=0x45e081<64>, size=1, endness=Iend_LE) & 0x2<8>), 0x0<8>), CmpEQ(Load(addr=0x44a308<64>, size=1, endness=Iend_LE), 0x0<8>), CmpEQ((Load(addr=0x45e0cf<64>, size=1, endness=Iend_LE) & 0x2<8>), 0x0<8>), CmpEQ(Load(addr=0x44a308<64>, size=1, endness=Iend_LE), 0x0<8>), CmpEQ((Load(addr=0x45e0cf<64>, size=1, endness=Iend_LE) & 0x2<8>), 0x0<8>), CmpEQ((Load(addr=0x45e081<64>, size=1, endness=Iend_LE) & 0x2<8>), 0x0<8>), CmpEQ(Load(addr=0x45da7c<64>, size=1, endness=Iend_LE), 0x0<8>), CmpEQ((Load(addr=0x45e083<64>, size=1, endness=Iend_LE) & 0x2<8>), 0x0<8>), CmpEQ(Load(addr=0x44a308<64>, size=1, endness=Iend_LE), 0x0<8>), CmpEQ((Load(addr=0x45e0d1<64>, size=1, endness=Iend_LE) & 0x2<8>), 0x0<8>), CmpEQ(Load(addr=0x44a308<64>, size=1, endness=Iend_LE), 0x0<8>), CmpEQ((Load(addr=0x45e0d1<64>, size=1, endness=Iend_LE) & 0x2<8>), 0x0<8>), CmpEQ((Load(addr=0x45e083<64>, size=1, endness=Iend_LE) & 0x2<8>), 0x0<8>), CmpEQ(Load(addr=0x45da8c<64>, size=1, endness=Iend_LE), 0x0<8>), CmpEQ((Load(addr=0x45e085<64>, size=1, endness=Iend_LE) & 0x2<8>), 0x0<8>), CmpEQ(Load(addr=0x44a308<64>, size=1, endness=Iend_LE), 0x0<8>), CmpEQ((Load(addr=0x45e0d3<64>, size=1, endness=Iend_LE) & 0x2<8>), 0x0<8>), CmpEQ(Load(addr=0x44a308<64>, size=1, endness=Iend_LE), 0x0<8>), CmpEQ((Load(addr=0x45e0d3<64>, size=1, endness=Iend_LE) & 0x2<8>), 0x0<8>), CmpEQ((Load(addr=0x45e085<64>, size=1, endness=Iend_LE) & 0x2<8>), 0x0<8>), CmpEQ(Load(addr=0x45da9c<64>, size=1, endness=Iend_LE), 0x0<8>), CmpEQ((Load(addr=0x45e087<64>, size=1, endness=Iend_LE) & 0x2<8>), 0x0<8>), CmpEQ(Load(addr=0x44a308<64>, size=1, endness=Iend_LE), 0x0<8>), CmpEQ((Load(addr=0x45e0d5<64>, size=1, endness=Iend_LE) & 0x2<8>), 0x0<8>), CmpEQ(Load(addr=0x44a308<64>, size=1, endness=Iend_LE), 0x0<8>), CmpEQ((Load(addr=0x45e0d5<64>, size=1, endness=Iend_LE) & 0x2<8>), 0x0<8>), CmpEQ((Load(addr=0x45e087<64>, size=1, endness=Iend_LE) & 0x2<8>), 0x0<8>), CmpEQ(Load(addr=0x45daac<64>, size=1, endness=Iend_LE), 0x0<8>), CmpEQ((Load(addr=0x45e089<64>, size=1, endness=Iend_LE) & 0x2<8>), 0x0<8>), CmpEQ(Load(addr=0x44a308<64>, size=1, endness=Iend_LE), 0x0<8>), CmpEQ((Load(addr=0x45e0d7<64>, size=1, endness=Iend_LE) & 0x2<8>), 0x0<8>), CmpEQ(Load(addr=0x44a308<64>, size=1, endness=Iend_LE), 0x0<8>), CmpEQ((Load(addr=0x45e0d7<64>, size=1, endness=Iend_LE) & 0x2<8>), 0x0<8>), CmpEQ((Load(addr=0x45e089<64>, size=1, endness=Iend_LE) & 0x2<8>), 0x0<8>), CmpEQ(Load(addr=0x45dabc<64>, size=1, endness=Iend_LE), 0x0<8>), CmpEQ((Load(addr=0x45e08b<64>, size=1, endness=Iend_LE) & 0x2<8>), 0x0<8>), CmpEQ(Load(addr=0x44a308<64>, size=1, endness=Iend_LE), 0x0<8>), CmpEQ((Load(addr=0x45e0d9<64>, size=1, endness=Iend_LE) & 0x2<8>), 0x0<8>), CmpEQ(Load(addr=0x44a308<64>, size=1, endness=Iend_LE), 0x0<8>), CmpEQ((Load(addr=0x45e0d9<64>, size=1, endness=Iend_LE) & 0x2<8>), 0x0<8>), CmpEQ((Load(addr=0x45e08b<64>, size=1, endness=Iend_LE) & 0x2<8>), 0x0<8>), CmpEQ(Load(addr=0x45dacc<64>, size=1, endness=Iend_LE), 0x0<8>), CmpEQ((Load(addr=0x45e08d<64>, size=1, endness=Iend_LE) & 0x2<8>), 0x0<8>), CmpEQ(Load(addr=0x44a308<64>, size=1, endness=Iend_LE), 0x0<8>), CmpEQ((Load(addr=0x45e0db<64>, size=1, endness=Iend_LE) & 0x2<8>), 0x0<8>), CmpEQ(Load(addr=0x44a308<64>, size=1, endness=Iend_LE), 0x0<8>), CmpEQ((Load(addr=0x45e0db<64>, size=1, endness=Iend_LE) & 0x2<8>), 0x0<8>), CmpEQ((Load(addr=0x45e08d<64>, size=1, endness=Iend_LE) & 0x2<8>), 0x0<8>), CmpEQ(Load(addr=0x45dadc<64>, size=1, endness=Iend_LE), 0x0<8>), CmpEQ((Load(addr=0x45e08f<64>, size=1, endness=Iend_LE) & 0x2<8>), 0x0<8>), CmpEQ(Load(addr=0x44a308<64>, size=1, endness=Iend_LE), 0x0<8>), CmpEQ((Load(addr=0x45e0dd<64>, size=1, endness=Iend_LE) & 0x2<8>), 0x0<8>), CmpEQ(Load(addr=0x44a308<64>, size=1, endness=Iend_LE), 0x0<8>), CmpEQ((Load(addr=0x45e0dd<64>, size=1, endness=Iend_LE) & 0x2<8>), 0x0<8>), CmpEQ((Load(addr=0x45e08f<64>, size=1, endness=Iend_LE) & 0x2<8>), 0x0<8>), CmpEQ(Load(addr=0x45d99c<64>, size=1, endness=Iend_LE), 0x0<8>), CmpEQ((Load(addr=0x45e091<64>, size=1, endness=Iend_LE) & 0x2<8>), 0x0<8>), CmpEQ(Load(addr=0x44a308<64>, size=1, endness=Iend_LE), 0x0<8>), CmpEQ((Load(addr=0x45e0df<64>, size=1, endness=Iend_LE) & 0x2<8>), 0x0<8>), CmpEQ(Load(addr=0x44a308<64>, size=1, endness=Iend_LE), 0x0<8>), CmpEQ((Load(addr=0x45e0df<64>, size=1, endness=Iend_LE) & 0x2<8>), 0x0<8>), CmpEQ((Load(addr=0x45e091<64>, size=1, endness=Iend_LE) & 0x2<8>), 0x0<8>), CmpEQ(Load(addr=0x45daec<64>, size=1, endness=Iend_LE), 0x0<8>), CmpEQ((Load(addr=0x45e093<64>, size=1, endness=Iend_LE) & 0x2<8>), 0x0<8>), CmpEQ(Load(addr=0x44a308<64>, size=1, endness=Iend_LE), 0x0<8>), CmpEQ((Load(addr=0x45e0e1<64>, size=1, endness=Iend_LE) & 0x2<8>), 0x0<8>), CmpEQ(Load(addr=0x44a308<64>, size=1, endness=Iend_LE), 0x0<8>), CmpEQ((Load(addr=0x45e0e1<64>, size=1, endness=Iend_LE) & 0x2<8>), 0x0<8>), CmpEQ((Load(addr=0x45e093<64>, size=1, endness=Iend_LE) & 0x2<8>), 0x0<8>), CmpEQ(Load(addr=0x45dafc<64>, size=1, endness=Iend_LE), 0x0<8>), CmpEQ((Load(addr=0x45e095<64>, size=1, endness=Iend_LE) & 0x2<8>), 0x0<8>), CmpEQ(Load(addr=0x44a308<64>, size=1, endness=Iend_LE), 0x0<8>), CmpEQ((Load(addr=0x45e0e3<64>, size=1, endness=Iend_LE) & 0x2<8>), 0x0<8>), CmpEQ(Load(addr=0x44a308<64>, size=1, endness=Iend_LE), 0x0<8>), CmpEQ((Load(addr=0x45e0e3<64>, size=1, endness=Iend_LE) & 0x2<8>), 0x0<8>), CmpEQ((Load(addr=0x45e095<64>, size=1, endness=Iend_LE) & 0x2<8>), 0x0<8>), CmpEQ(Load(addr=0x45db0c<64>, size=1, endness=Iend_LE), 0x0<8>), CmpEQ((Load(addr=0x45e097<64>, size=1, endness=Iend_LE) & 0x2<8>), 0x0<8>), CmpEQ(Load(addr=0x44a308<64>, size=1, endness=Iend_LE), 0x0<8>), CmpEQ((Load(addr=0x45e0e5<64>, size=1, endness=Iend_LE) & 0x2<8>), 0x0<8>), CmpEQ(Load(addr=0x44a308<64>, size=1, endness=Iend_LE), 0x0<8>), CmpEQ((Load(addr=0x45e0e5<64>, size=1, endness=Iend_LE) & 0x2<8>), 0x0<8>), CmpEQ((Load(addr=0x45e097<64>, size=1, endness=Iend_LE) & 0x2<8>), 0x0<8>), CmpEQ(Load(addr=0x45db1c<64>, size=1, endness=Iend_LE), 0x0<8>), CmpEQ((Load(addr=0x45e099<64>, size=1, endness=Iend_LE) & 0x2<8>), 0x0<8>), CmpEQ(Load(addr=0x44a308<64>, size=1, endness=Iend_LE), 0x0<8>), CmpEQ((Load(addr=0x45e0e7<64>, size=1, endness=Iend_LE) & 0x2<8>), 0x0<8>), CmpEQ(Load(addr=0x44a308<64>, size=1, endness=Iend_LE), 0x0<8>), CmpEQ((Load(addr=0x45e0e7<64>, size=1, endness=Iend_LE) & 0x2<8>), 0x0<8>), CmpEQ((Load(addr=0x45e099<64>, size=1, endness=Iend_LE) & 0x2<8>), 0x0<8>), CmpEQ(Load(addr=0x45db2c<64>, size=1, endness=Iend_LE), 0x0<8>), CmpEQ((Load(addr=0x45e09b<64>, size=1, endness=Iend_LE) & 0x2<8>), 0x0<8>), CmpEQ(Load(addr=0x44a308<64>, size=1, endness=Iend_LE), 0x0<8>), CmpEQ((Load(addr=0x45e0e9<64>, size=1, endness=Iend_LE) & 0x2<8>), 0x0<8>), CmpEQ(Load(addr=0x44a308<64>, size=1, endness=Iend_LE), 0x0<8>), CmpEQ((Load(addr=0x45e0e9<64>, size=1, endness=Iend_LE) & 0x2<8>), 0x0<8>), CmpEQ((Load(addr=0x45e09b<64>, size=1, endness=Iend_LE) & 0x2<8>), 0x0<8>), CmpEQ(Load(addr=0x45db3c<64>, size=1, endness=Iend_LE), 0x0<8>), CmpEQ((Load(addr=0x45e09d<64>, size=1, endness=Iend_LE) & 0x2<8>), 0x0<8>), CmpEQ(Load(addr=0x44a308<64>, size=1, endness=Iend_LE), 0x0<8>), CmpEQ((Load(addr=0x45e0eb<64>, size=1, endness=Iend_LE) & 0x2<8>), 0x0<8>), CmpEQ(Load(addr=0x44a308<64>, size=1, endness=Iend_LE), 0x0<8>), CmpEQ((Load(addr=0x45e0eb<64>, size=1, endness=Iend_LE) & 0x2<8>), 0x0<8>), CmpEQ((Load(addr=0x45e09d<64>, size=1, endness=Iend_LE) & 0x2<8>), 0x0<8>), CmpEQ(Load(addr=0x45db4c<64>, size=1, endness=Iend_LE), 0x0<8>), CmpEQ((Load(addr=0x45e09f<64>, size=1, endness=Iend_LE) & 0x2<8>), 0x0<8>), CmpEQ(Load(addr=0x44a308<64>, size=1, endness=Iend_LE), 0x0<8>), CmpEQ((Load(addr=0x45e0ed<64>, size=1, endness=Iend_LE) & 0x2<8>), 0x0<8>), CmpEQ(Load(addr=0x44a308<64>, size=1, endness=Iend_LE), 0x0<8>), CmpEQ((Load(addr=0x45e0ed<64>, size=1, endness=Iend_LE) & 0x2<8>), 0x0<8>), CmpEQ((Load(addr=0x45e09f<64>, size=1, endness=Iend_LE) & 0x2<8>), 0x0<8>), CmpEQ(Load(addr=0x45db5c<64>, size=1, endness=Iend_LE), 0x0<8>), CmpEQ((Load(addr=0x45e0a1<64>, size=1, endness=Iend_LE) & 0x2<8>), 0x0<8>), CmpEQ(Load(addr=0x44a308<64>, size=1, endness=Iend_LE), 0x0<8>), CmpEQ((Load(addr=0x45e0ef<64>, size=1, endness=Iend_LE) & 0x2<8>), 0x0<8>), CmpEQ(Load(addr=0x44a308<64>, size=1, endness=Iend_LE), 0x0<8>), CmpEQ((Load(addr=0x45e0ef<64>, size=1, endness=Iend_LE) & 0x2<8>), 0x0<8>), CmpEQ((Load(addr=0x45e0a1<64>, size=1, endness=Iend_LE) & 0x2<8>), 0x0<8>), CmpEQ(Load(addr=0x45db6c<64>, size=1, endness=Iend_LE), 0x0<8>), CmpEQ((Load(addr=0x45e0a3<64>, size=1, endness=Iend_LE) & 0x2<8>), 0x0<8>), CmpEQ(Load(addr=0x44a308<64>, size=1, endness=Iend_LE), 0x0<8>), CmpEQ((Load(addr=0x45e0f1<64>, size=1, endness=Iend_LE) & 0x2<8>), 0x0<8>), CmpEQ(Load(addr=0x44a308<64>, size=1, endness=Iend_LE), 0x0<8>), CmpEQ((Load(addr=0x45e0f1<64>, size=1, endness=Iend_LE) & 0x2<8>), 0x0<8>), CmpEQ((Load(addr=0x45e0a3<64>, size=1, endness=Iend_LE) & 0x2<8>), 0x0<8>), CmpEQ(Load(addr=0x45db7c<64>, size=1, endness=Iend_LE), 0x0<8>), CmpEQ((Load(addr=0x45e0a5<64>, size=1, endness=Iend_LE) & 0x2<8>), 0x0<8>), CmpEQ(Load(addr=0x44a308<64>, size=1, endness=Iend_LE), 0x0<8>), CmpEQ((Load(addr=0x45e0f3<64>, size=1, endness=Iend_LE) & 0x2<8>), 0x0<8>), CmpEQ(Load(addr=0x44a308<64>, size=1, endness=Iend_LE), 0x0<8>), CmpEQ((Load(addr=0x45e0f3<64>, size=1, endness=Iend_LE) & 0x2<8>), 0x0<8>), CmpEQ((Load(addr=0x45e0a5<64>, size=1, endness=Iend_LE) & 0x2<8>), 0x0<8>), CmpEQ(Load(addr=0x45db8c<64>, size=1, endness=Iend_LE), 0x0<8>), CmpEQ((Load(addr=0x45e0a7<64>, size=1, endness=Iend_LE) & 0x2<8>), 0x0<8>), CmpEQ(Load(addr=0x44a308<64>, size=1, endness=Iend_LE), 0x0<8>), CmpEQ((Load(addr=0x45e0f5<64>, size=1, endness=Iend_LE) & 0x2<8>), 0x0<8>), CmpEQ(Load(addr=0x44a308<64>, size=1, endness=Iend_LE), 0x0<8>), CmpEQ((Load(addr=0x45e0f5<64>, size=1, endness=Iend_LE) & 0x2<8>), 0x0<8>), CmpEQ((Load(addr=0x45e0a7<64>, size=1, endness=Iend_LE) & 0x2<8>), 0x0<8>), CmpEQ(Load(addr=0x45db9c<64>, size=1, endness=Iend_LE), 0x0<8>), CmpEQ((Load(addr=0x45e0a9<64>, size=1, endness=Iend_LE) & 0x2<8>), 0x0<8>), CmpEQ(Load(addr=0x44a308<64>, size=1, endness=Iend_LE), 0x0<8>), CmpEQ((Load(addr=0x45e0f7<64>, size=1, endness=Iend_LE) & 0x2<8>), 0x0<8>), CmpEQ(Load(addr=0x44a308<64>, size=1, endness=Iend_LE), 0x0<8>), CmpEQ((Load(addr=0x45e0f7<64>, size=1, endness=Iend_LE) & 0x2<8>), 0x0<8>), CmpEQ((Load(addr=0x45e0a9<64>, size=1, endness=Iend_LE) & 0x2<8>), 0x0<8>), CmpEQ(Load(addr=0x45dbac<64>, size=1, endness=Iend_LE), 0x0<8>), CmpEQ((Load(addr=0x45e0ab<64>, size=1, endness=Iend_LE) & 0x2<8>), 0x0<8>), CmpEQ(Load(addr=0x44a308<64>, size=1, endness=Iend_LE), 0x0<8>), CmpEQ((Load(addr=0x45e0f9<64>, size=1, endness=Iend_LE) & 0x2<8>), 0x0<8>), CmpEQ(Load(addr=0x44a308<64>, size=1, endness=Iend_LE), 0x0<8>), CmpEQ((Load(addr=0x45e0f9<64>, size=1, endness=Iend_LE) & 0x2<8>), 0x0<8>), CmpEQ((Load(addr=0x45e0ab<64>, size=1, endness=Iend_LE) & 0x2<8>), 0x0<8>), CmpEQ(Load(addr=0x45dbbc<64>, size=1, endness=Iend_LE), 0x0<8>), CmpEQ((Load(addr=0x45e0ad<64>, size=1, endness=Iend_LE) & 0x2<8>), 0x0<8>), CmpEQ(Load(addr=0x44a308<64>, size=1, endness=Iend_LE), 0x0<8>), CmpEQ((Load(addr=0x45e0fb<64>, size=1, endness=Iend_LE) & 0x2<8>), 0x0<8>), CmpEQ(Load(addr=0x44a308<64>, size=1, endness=Iend_LE), 0x0<8>), CmpEQ((Load(addr=0x45e0fb<64>, size=1, endness=Iend_LE) & 0x2<8>), 0x0<8>), CmpEQ((Load(addr=0x45e0ad<64>, size=1, endness=Iend_LE) & 0x2<8>), 0x0<8>), CmpEQ(Load(addr=0x45dbcc<64>, size=1, endness=Iend_LE), 0x0<8>), CmpEQ((Load(addr=0x45e0af<64>, size=1, endness=Iend_LE) & 0x2<8>), 0x0<8>), CmpEQ(Load(addr=0x44a308<64>, size=1, endness=Iend_LE), 0x0<8>), CmpEQ((Load(addr=0x45e0fd<64>, size=1, endness=Iend_LE) & 0x2<8>), 0x0<8>), CmpEQ(Load(addr=0x44a308<64>, size=1, endness=Iend_LE), 0x0<8>), CmpEQ((Load(addr=0x45e0fd<64>, size=1, endness=Iend_LE) & 0x2<8>), 0x0<8>), CmpEQ((Load(addr=0x45e0af<64>, size=1, endness=Iend_LE) & 0x2<8>), 0x0<8>), CmpEQ(Load(addr=0x45e062<64>, size=1, endness=Iend_LE), 0x0<8>), CmpEQ((Load(addr=0x45d98d<64>, size=1, endness=Iend_LE) & 0x2<8>), 0x0<8>), CmpEQ(Load(addr=0x45e064<64>, size=1, endness=Iend_LE), 0x0<8>), CmpEQ((Load(addr=0x45d99d<64>, size=1, endness=Iend_LE) & 0x2<8>), 0x0<8>), CmpEQ(Load(addr=0x45e066<64>, size=1, endness=Iend_LE), 0x0<8>), CmpEQ((Load(addr=0x45d9ad<64>, size=1, endness=Iend_LE) & 0x2<8>), 0x0<8>), CmpEQ(Load(addr=0x45e068<64>, size=1, endness=Iend_LE), 0x0<8>), CmpEQ((Load(addr=0x45d9bd<64>, size=1, endness=Iend_LE) & 0x2<8>), 0x0<8>), CmpEQ(Load(addr=0x45e06a<64>, size=1, endness=Iend_LE), 0x0<8>), CmpEQ((Load(addr=0x45d9cd<64>, size=1, endness=Iend_LE) & 0x2<8>), 0x0<8>), CmpEQ(Load(addr=0x45e06c<64>, size=1, endness=Iend_LE), 0x0<8>), CmpEQ((Load(addr=0x45d9dd<64>, size=1, endness=Iend_LE) & 0x2<8>), 0x0<8>), CmpEQ(Load(addr=0x45e06e<64>, size=1, endness=Iend_LE), 0x0<8>), CmpEQ((Load(addr=0x45d9ed<64>, size=1, endness=Iend_LE) & 0x2<8>), 0x0<8>), CmpEQ(Load(addr=0x45e070<64>, size=1, endness=Iend_LE), 0x0<8>), CmpEQ((Load(addr=0x45d9fd<64>, size=1, endness=Iend_LE) & 0x2<8>), 0x0<8>), CmpEQ(Load(addr=0x45e072<64>, size=1, endness=Iend_LE), 0x0<8>), CmpEQ((Load(addr=0x45da0d<64>, size=1, endness=Iend_LE) & 0x2<8>), 0x0<8>), CmpEQ(Load(addr=0x45e074<64>, size=1, endness=Iend_LE), 0x0<8>), CmpEQ((Load(addr=0x45da1d<64>, size=1, endness=Iend_LE) & 0x2<8>), 0x0<8>), CmpEQ(Load(addr=0x45e076<64>, size=1, endness=Iend_LE), 0x0<8>), CmpEQ((Load(addr=0x45da2d<64>, size=1, endness=Iend_LE) & 0x2<8>), 0x0<8>), CmpEQ(Load(addr=0x45e078<64>, size=1, endness=Iend_LE), 0x0<8>), CmpEQ((Load(addr=0x45d99d<64>, size=1, endness=Iend_LE) & 0x2<8>), 0x0<8>), CmpEQ(Load(addr=0x45e07a<64>, size=1, endness=Iend_LE), 0x0<8>), CmpEQ((Load(addr=0x45da3d<64>, size=1, endness=Iend_LE) & 0x2<8>), 0x0<8>), CmpEQ(Load(addr=0x45e07c<64>, size=1, endness=Iend_LE), 0x0<8>), CmpEQ((Load(addr=0x45da4d<64>, size=1, endness=Iend_LE) & 0x2<8>), 0x0<8>), CmpEQ(Load(addr=0x45e07e<64>, size=1, endness=Iend_LE), 0x0<8>), CmpEQ((Load(addr=0x45da5d<64>, size=1, endness=Iend_LE) & 0x2<8>), 0x0<8>), CmpEQ(Load(addr=0x45e080<64>, size=1, endness=Iend_LE), 0x0<8>), CmpEQ((Load(addr=0x45da6d<64>, size=1, endness=Iend_LE) & 0x2<8>), 0x0<8>), CmpEQ(Load(addr=0x45e082<64>, size=1, endness=Iend_LE), 0x0<8>), CmpEQ((Load(addr=0x45da7d<64>, size=1, endness=Iend_LE) & 0x2<8>), 0x0<8>), CmpEQ(Load(addr=0x45e084<64>, size=1, endness=Iend_LE), 0x0<8>), CmpEQ((Load(addr=0x45da8d<64>, size=1, endness=Iend_LE) & 0x2<8>), 0x0<8>), CmpEQ(Load(addr=0x45e086<64>, size=1, endness=Iend_LE), 0x0<8>), CmpEQ((Load(addr=0x45da9d<64>, size=1, endness=Iend_LE) & 0x2<8>), 0x0<8>), CmpEQ(Load(addr=0x45e088<64>, size=1, endness=Iend_LE), 0x0<8>), CmpEQ((Load(addr=0x45daad<64>, size=1, endness=Iend_LE) & 0x2<8>), 0x0<8>), CmpEQ(Load(addr=0x45e08a<64>, size=1, endness=Iend_LE), 0x0<8>), CmpEQ((Load(addr=0x45dabd<64>, size=1, endness=Iend_LE) & 0x2<8>), 0x0<8>), CmpEQ(Load(addr=0x45e08c<64>, size=1, endness=Iend_LE), 0x0<8>), CmpEQ((Load(addr=0x45dacd<64>, size=1, endness=Iend_LE) & 0x2<8>), 0x0<8>), CmpEQ(Load(addr=0x45e08e<64>, size=1, endness=Iend_LE), 0x0<8>), CmpEQ((Load(addr=0x45dadd<64>, size=1, endness=Iend_LE) & 0x2<8>), 0x0<8>), CmpEQ(Load(addr=0x45e090<64>, size=1, endness=Iend_LE), 0x0<8>), CmpEQ((Load(addr=0x45d99d<64>, size=1, endness=Iend_LE) & 0x2<8>), 0x0<8>), CmpEQ(Load(addr=0x45e092<64>, size=1, endness=Iend_LE), 0x0<8>), CmpEQ((Load(addr=0x45daed<64>, size=1, endness=Iend_LE) & 0x2<8>), 0x0<8>), CmpEQ(Load(addr=0x45e094<64>, size=1, endness=Iend_LE), 0x0<8>), CmpEQ((Load(addr=0x45dafd<64>, size=1, endness=Iend_LE) & 0x2<8>), 0x0<8>), CmpEQ(Load(addr=0x45e096<64>, size=1, endness=Iend_LE), 0x0<8>), CmpEQ((Load(addr=0x45db0d<64>, size=1, endness=Iend_LE) & 0x2<8>), 0x0<8>), CmpEQ(Load(addr=0x45e098<64>, size=1, endness=Iend_LE), 0x0<8>), CmpEQ((Load(addr=0x45db1d<64>, size=1, endness=Iend_LE) & 0x2<8>), 0x0<8>), CmpEQ(Load(addr=0x45e09a<64>, size=1, endness=Iend_LE), 0x0<8>), CmpEQ((Load(addr=0x45db2d<64>, size=1, endness=Iend_LE) & 0x2<8>), 0x0<8>), CmpEQ(Load(addr=0x45e09c<64>, size=1, endness=Iend_LE), 0x0<8>), CmpEQ((Load(addr=0x45db3d<64>, size=1, endness=Iend_LE) & 0x2<8>), 0x0<8>), CmpEQ(Load(addr=0x45e09e<64>, size=1, endness=Iend_LE), 0x0<8>), CmpEQ((Load(addr=0x45db4d<64>, size=1, endness=Iend_LE) & 0x2<8>), 0x0<8>), CmpEQ(Load(addr=0x45e0a0<64>, size=1, endness=Iend_LE), 0x0<8>), CmpEQ((Load(addr=0x45db5d<64>, size=1, endness=Iend_LE) & 0x2<8>), 0x0<8>), CmpEQ(Load(addr=0x45e0a2<64>, size=1, endness=Iend_LE), 0x0<8>), CmpEQ((Load(addr=0x45db6d<64>, size=1, endness=Iend_LE) & 0x2<8>), 0x0<8>), CmpEQ(Load(addr=0x45e0a4<64>, size=1, endness=Iend_LE), 0x0<8>), CmpEQ((Load(addr=0x45db7d<64>, size=1, endness=Iend_LE) & 0x2<8>), 0x0<8>), CmpEQ(Load(addr=0x45e0a6<64>, size=1, endness=Iend_LE), 0x0<8>), CmpEQ((Load(addr=0x45db8d<64>, size=1, endness=Iend_LE) & 0x2<8>), 0x0<8>), CmpEQ(Load(addr=0x45e0a8<64>, size=1, endness=Iend_LE), 0x0<8>), CmpEQ((Load(addr=0x45db9d<64>, size=1, endness=Iend_LE) & 0x2<8>), 0x0<8>), CmpEQ(Load(addr=0x45e0aa<64>, size=1, endness=Iend_LE), 0x0<8>), CmpEQ((Load(addr=0x45dbad<64>, size=1, endness=Iend_LE) & 0x2<8>), 0x0<8>), CmpEQ(Load(addr=0x45e0ac<64>, size=1, endness=Iend_LE), 0x0<8>), CmpEQ((Load(addr=0x45dbbd<64>, size=1, endness=Iend_LE) & 0x2<8>), 0x0<8>), CmpEQ(Load(addr=0x45e0ae<64>, size=1, endness=Iend_LE), 0x0<8>), CmpEQ((Load(addr=0x45dbcd<64>, size=1, endness=Iend_LE) & 0x2<8>), 0x0<8>), CmpEQ(Load(addr=0x45e062<64>, size=1, endness=Iend_LE), 0x0<8>), CmpEQ((Load(addr=0x45d99d<64>, size=1, endness=Iend_LE) & 0x2<8>), 0x0<8>), CmpEQ(Load(addr=0x45e064<64>, size=1, endness=Iend_LE), 0x0<8>), CmpEQ((Load(addr=0x45d9ad<64>, size=1, endness=Iend_LE) & 0x2<8>), 0x0<8>), CmpEQ(Load(addr=0x45e066<64>, size=1, endness=Iend_LE), 0x0<8>), CmpEQ((Load(addr=0x45d9bd<64>, size=1, endness=Iend_LE) & 0x2<8>), 0x0<8>), CmpEQ(Load(addr=0x45e068<64>, size=1, endness=Iend_LE), 0x0<8>), CmpEQ((Load(addr=0x45d9cd<64>, size=1, endness=Iend_LE) & 0x2<8>), 0x0<8>), CmpEQ(Load(addr=0x45e06a<64>, size=1, endness=Iend_LE), 0x0<8>), CmpEQ((Load(addr=0x45d9dd<64>, size=1, endness=Iend_LE) & 0x2<8>), 0x0<8>), CmpEQ(Load(addr=0x45e06c<64>, size=1, endness=Iend_LE), 0x0<8>), CmpEQ((Load(addr=0x45d9ed<64>, size=1, endness=Iend_LE) & 0x2<8>), 0x0<8>), CmpEQ(Load(addr=0x45e06e<64>, size=1, endness=Iend_LE), 0x0<8>), CmpEQ((Load(addr=0x45d9fd<64>, size=1, endness=Iend_LE) & 0x2<8>), 0x0<8>), CmpEQ(Load(addr=0x45e070<64>, size=1, endness=Iend_LE), 0x0<8>), CmpEQ((Load(addr=0x45da0d<64>, size=1, endness=Iend_LE) & 0x2<8>), 0x0<8>), CmpEQ(Load(addr=0x45e072<64>, size=1, endness=Iend_LE), 0x0<8>), CmpEQ((Load(addr=0x45da1d<64>, size=1, endness=Iend_LE) & 0x2<8>), 0x0<8>), CmpEQ(Load(addr=0x45e074<64>, size=1, endness=Iend_LE), 0x0<8>), CmpEQ((Load(addr=0x45da2d<64>, size=1, endness=Iend_LE) & 0x2<8>), 0x0<8>), CmpEQ(Load(addr=0x45e076<64>, size=1, endness=Iend_LE), 0x0<8>), CmpEQ((Load(addr=0x45d98d<64>, size=1, endness=Iend_LE) & 0x2<8>), 0x0<8>), CmpEQ(Load(addr=0x45e078<64>, size=1, endness=Iend_LE), 0x0<8>), CmpEQ((Load(addr=0x45da3d<64>, size=1, endness=Iend_LE) & 0x2<8>), 0x0<8>), CmpEQ(Load(addr=0x45e07a<64>, size=1, endness=Iend_LE), 0x0<8>), CmpEQ((Load(addr=0x45da4d<64>, size=1, endness=Iend_LE) & 0x2<8>), 0x0<8>), CmpEQ(Load(addr=0x45e07c<64>, size=1, endness=Iend_LE), 0x0<8>), CmpEQ((Load(addr=0x45da5d<64>, size=1, endness=Iend_LE) & 0x2<8>), 0x0<8>), CmpEQ(Load(addr=0x45e07e<64>, size=1, endness=Iend_LE), 0x0<8>), CmpEQ((Load(addr=0x45da6d<64>, size=1, endness=Iend_LE) & 0x2<8>), 0x0<8>), CmpEQ(Load(addr=0x45e080<64>, size=1, endness=Iend_LE), 0x0<8>), CmpEQ((Load(addr=0x45da7d<64>, size=1, endness=Iend_LE) & 0x2<8>), 0x0<8>), CmpEQ(Load(addr=0x45e082<64>, size=1, endness=Iend_LE), 0x0<8>), CmpEQ((Load(addr=0x45da8d<64>, size=1, endness=Iend_LE) & 0x2<8>), 0x0<8>), CmpEQ(Load(addr=0x45e084<64>, size=1, endness=Iend_LE), 0x0<8>), CmpEQ((Load(addr=0x45da9d<64>, size=1, endness=Iend_LE) & 0x2<8>), 0x0<8>), CmpEQ(Load(addr=0x45e086<64>, size=1, endness=Iend_LE), 0x0<8>), CmpEQ((Load(addr=0x45daad<64>, size=1, endness=Iend_LE) & 0x2<8>), 0x0<8>), CmpEQ(Load(addr=0x45e088<64>, size=1, endness=Iend_LE), 0x0<8>), CmpEQ((Load(addr=0x45dabd<64>, size=1, endness=Iend_LE) & 0x2<8>), 0x0<8>), CmpEQ(Load(addr=0x45e08a<64>, size=1, endness=Iend_LE), 0x0<8>), CmpEQ((Load(addr=0x45dacd<64>, size=1, endness=Iend_LE) & 0x2<8>), 0x0<8>), CmpEQ(Load(addr=0x45e08c<64>, size=1, endness=Iend_LE), 0x0<8>), CmpEQ((Load(addr=0x45dadd<64>, size=1, endness=Iend_LE) & 0x2<8>), 0x0<8>), CmpEQ(Load(addr=0x45e08e<64>, size=1, endness=Iend_LE), 0x0<8>), CmpEQ((Load(addr=0x45d98d<64>, size=1, endness=Iend_LE) & 0x2<8>), 0x0<8>), CmpEQ(Load(addr=0x45e090<64>, size=1, endness=Iend_LE), 0x0<8>), CmpEQ((Load(addr=0x45daed<64>, size=1, endness=Iend_LE) & 0x2<8>), 0x0<8>), CmpEQ(Load(addr=0x45e092<64>, size=1, endness=Iend_LE), 0x0<8>), CmpEQ((Load(addr=0x45dafd<64>, size=1, endness=Iend_LE) & 0x2<8>), 0x0<8>), CmpEQ(Load(addr=0x45e094<64>, size=1, endness=Iend_LE), 0x0<8>), CmpEQ((Load(addr=0x45db0d<64>, size=1, endness=Iend_LE) & 0x2<8>), 0x0<8>), CmpEQ(Load(addr=0x45e096<64>, size=1, endness=Iend_LE), 0x0<8>), CmpEQ((Load(addr=0x45db1d<64>, size=1, endness=Iend_LE) & 0x2<8>), 0x0<8>), CmpEQ(Load(addr=0x45e098<64>, size=1, endness=Iend_LE), 0x0<8>), CmpEQ((Load(addr=0x45db2d<64>, size=1, endness=Iend_LE) & 0x2<8>), 0x0<8>), CmpEQ(Load(addr=0x45e09a<64>, size=1, endness=Iend_LE), 0x0<8>), CmpEQ((Load(addr=0x45db3d<64>, size=1, endness=Iend_LE) & 0x2<8>), 0x0<8>), CmpEQ(Load(addr=0x45e09c<64>, size=1, endness=Iend_LE), 0x0<8>), CmpEQ((Load(addr=0x45db4d<64>, size=1, endness=Iend_LE) & 0x2<8>), 0x0<8>), CmpEQ(Load(addr=0x45e09e<64>, size=1, endness=Iend_LE), 0x0<8>), CmpEQ((Load(addr=0x45db5d<64>, size=1, endness=Iend_LE) & 0x2<8>), 0x0<8>), CmpEQ(Load(addr=0x45e0a0<64>, size=1, endness=Iend_LE), 0x0<8>), CmpEQ((Load(addr=0x45db6d<64>, size=1, endness=Iend_LE) & 0x2<8>), 0x0<8>), CmpEQ(Load(addr=0x45e0a2<64>, size=1, endness=Iend_LE), 0x0<8>), CmpEQ((Load(addr=0x45db7d<64>, size=1, endness=Iend_LE) & 0x2<8>), 0x0<8>), CmpEQ(Load(addr=0x45e0a4<64>, size=1, endness=Iend_LE), 0x0<8>), CmpEQ((Load(addr=0x45db8d<64>, size=1, endness=Iend_LE) & 0x2<8>), 0x0<8>), CmpEQ(Load(addr=0x45e0a6<64>, size=1, endness=Iend_LE), 0x0<8>), CmpEQ((Load(addr=0x45db9d<64>, size=1, endness=Iend_LE) & 0x2<8>), 0x0<8>), CmpEQ(Load(addr=0x45e0a8<64>, size=1, endness=Iend_LE), 0x0<8>), CmpEQ((Load(addr=0x45dbad<64>, size=1, endness=Iend_LE) & 0x2<8>), 0x0<8>), CmpEQ(Load(addr=0x45e0aa<64>, size=1, endness=Iend_LE), 0x0<8>), CmpEQ((Load(addr=0x45dbbd<64>, size=1, endness=Iend_LE) & 0x2<8>), 0x0<8>), CmpEQ(Load(addr=0x45e0ac<64>, size=1, endness=Iend_LE), 0x0<8>), CmpEQ((Load(addr=0x45dbcd<64>, size=1, endness=Iend_LE) & 0x2<8>), 0x0<8>), CmpEQ(Load(addr=0x45e0ae<64>, size=1, endness=Iend_LE), 0x0<8>), CmpEQ((Load(addr=0x45d98d<64>, size=1, endness=Iend_LE) & 0x2<8>), 0x0<8>), CmpEQ(vvar_14359{s-185|1b}, 0x0<8>), CmpEQ(Load(addr=0x45d98e<64>, size=1, endness=Iend_LE), 0x0<8>), CmpEQ(vvar_14359{s-185|1b}, 0x0<8>), CmpEQ(Load(addr=0x45d98e<64>, size=1, endness=Iend_LE), 0x0<8>), CmpEQ(vvar_14359{s-185|1b}, 0x0<8>), CmpEQ(vvar_14359{s-185|1b}, 0x0<8>), CmpEQ(vvar_14359{s-185|1b}, 0x0<8>), CmpEQ(vvar_14359{s-185|1b}, 0x0<8>), CmpEQ(vvar_14359{s-185|1b}, 0x0<8>), CmpEQ(vvar_14359{s-185|1b}, 0x0<8>), CmpEQ(vvar_14359{s-185|1b}, 0x0<8>), CmpEQ(vvar_14359{s-185|1b}, 0x0<8>), CmpEQ(vvar_14359{s-185|1b}, 0x0<8>), CmpEQ(vvar_14359{s-185|1b}, 0x0<8>), CmpEQ(vvar_14359{s-185|1b}, 0x0<8>), CmpEQ(vvar_14359{s-185|1b}, 0x0<8>), CmpEQ(vvar_14359{s-185|1b}, 0x0<8>), CmpEQ(vvar_14362{s-182|1b}, 0x0<8>), CmpEQ(Load(addr=0x45d99e<64>, size=1, endness=Iend_LE), 0x0<8>), CmpEQ(vvar_14362{s-182|1b}, 0x0<8>), CmpEQ(Load(addr=0x45d99e<64>, size=1, endness=Iend_LE), 0x0<8>), CmpEQ(vvar_14362{s-182|1b}, 0x0<8>), CmpEQ(vvar_14365{s-179|1b}, 0x0<8>), CmpEQ(Load(addr=0x45d9ae<64>, size=1, endness=Iend_LE), 0x0<8>), CmpEQ(vvar_14365{s-179|1b}, 0x0<8>), CmpEQ(Load(addr=0x45d9ae<64>, size=1, endness=Iend_LE), 0x0<8>), CmpEQ(vvar_14365{s-179|1b}, 0x0<8>), CmpEQ((Load(addr=0x45d925<64>, size=1, endness=Iend_LE) & 0x2<8>), 0x0<8>), CmpEQ(vvar_14367{s-177|1b}, 0x0<8>), CmpEQ((Load(addr=0x45d925<64>, size=1, endness=Iend_LE) & 0x2<8>), 0x0<8>), CmpEQ(vvar_14365{s-179|1b}, 0x0<8>), CmpEQ((Load(addr=0x45d923<64>, size=1, endness=Iend_LE) & 0x2<8>), 0x0<8>), CmpEQ(vvar_14367{s-177|1b}, 0x0<8>), CmpEQ((Load(addr=0x45d923<64>, size=1, endness=Iend_LE) & 0x2<8>), 0x0<8>), CmpEQ(vvar_14365{s-179|1b}, 0x0<8>), CmpEQ(((0x0<32> & Conv(64I->32I, vvar_14368{s-280|8b})) | 0xa<32>), Load(addr=0x45d9b0<64>, size=4, endness=Iend_LE)), CmpLT (signed)(Conv(64I->32I, (Conv(32I->64I, Load(addr=0x45d9b4<64>, size=4, endness=Iend_LE)) - ((((0xffffffff00000000<64> & vvar_14369{s-288|8b}) | 0xa<64>) & 0xffffffff<64>) >>a 0x20<8>))), 0x0<32>), CmpLT (signed)(Conv(64I->32I, (Conv(32I->64I, Load(addr=0x45d9b0<64>, size=4, endness=Iend_LE)) - ((0xffffffff00000000<64> & vvar_14370{s-296|8b}) | 0xa<64>))), 0x0<32>), CmpEQ((Load(addr=0x45d941<64>, size=1, endness=Iend_LE) & 0x2<8>), 0x0<8>), CmpEQ(vvar_14367{s-177|1b}, 0x0<8>), CmpEQ((Load(addr=0x45d941<64>, size=1, endness=Iend_LE) & 0x2<8>), 0x0<8>), CmpEQ(vvar_14371{s-176|1b}, 0x0<8>), CmpEQ(Load(addr=0x45d9be<64>, size=1, endness=Iend_LE), 0x0<8>), CmpEQ(vvar_14371{s-176|1b}, 0x0<8>), CmpEQ(Load(addr=0x45d9be<64>, size=1, endness=Iend_LE), 0x0<8>), CmpEQ(vvar_14371{s-176|1b}, 0x0<8>), CmpEQ(vvar_14371{s-176|1b}, 0x0<8>), CmpEQ((Load(addr=0x45d931<64>, size=1, endness=Iend_LE) & 0x2<8>), 0x0<8>), CmpEQ(vvar_14373{s-174|1b}, 0x0<8>), CmpEQ((Load(addr=0x45d931<64>, size=1, endness=Iend_LE) & 0x2<8>), 0x0<8>), CmpEQ(vvar_14371{s-176|1b}, 0x0<8>), CmpEQ(vvar_14371{s-176|1b}, 0x0<8>), CmpEQ(((0x0<32> & Conv(64I->32I, vvar_14374{s-304|8b})) | 0x19<32>), Load(addr=0x45d9c0<64>, size=4, endness=Iend_LE)), CmpLT (signed)(Conv(64I->32I, (Conv(32I->64I, Load(addr=0x45d9c4<64>, size=4, endness=Iend_LE)) - ((((0xffffffff00000000<64> & vvar_14375{s-312|8b}) | 0x19<64>) & 0xffffffff<64>) >>a 0x20<8>))), 0x0<32>), CmpLT (signed)(Conv(64I->32I, (Conv(32I->64I, Load(addr=0x45d9c0<64>, size=4, endness=Iend_LE)) - ((0xffffffff00000000<64> & vvar_14376{s-320|8b}) | 0x19<64>))), 0x0<32>), CmpEQ((Load(addr=0x45d943<64>, size=1, endness=Iend_LE) & 0x2<8>), 0x0<8>), CmpEQ(vvar_14373{s-174|1b}, 0x0<8>), CmpEQ((Load(addr=0x45d943<64>, size=1, endness=Iend_LE) & 0x2<8>), 0x0<8>), CmpEQ(vvar_14377{s-173|1b}, 0x0<8>), CmpEQ(Load(addr=0x45d9ce<64>, size=1, endness=Iend_LE), 0x0<8>), CmpEQ(vvar_14377{s-173|1b}, 0x0<8>), CmpEQ(Load(addr=0x45d9ce<64>, size=1, endness=Iend_LE), 0x0<8>), CmpEQ(vvar_14377{s-173|1b}, 0x0<8>), CmpEQ((Load(addr=0x45d925<64>, size=1, endness=Iend_LE) & 0x2<8>), 0x0<8>), CmpEQ(vvar_14379{s-171|1b}, 0x0<8>), CmpEQ((Load(addr=0x45d925<64>, size=1, endness=Iend_LE) & 0x2<8>), 0x0<8>), CmpEQ(vvar_14377{s-173|1b}, 0x0<8>), CmpEQ((Load(addr=0x45d923<64>, size=1, endness=Iend_LE) & 0x2<8>), 0x0<8>), CmpEQ(vvar_14379{s-171|1b}, 0x0<8>), CmpEQ((Load(addr=0x45d923<64>, size=1, endness=Iend_LE) & 0x2<8>), 0x0<8>), CmpEQ(vvar_14377{s-173|1b}, 0x0<8>), CmpEQ(vvar_14377{s-173|1b}, 0x0<8>), CmpEQ(((0x0<32> & Conv(64I->32I, vvar_14380{s-328|8b})) | 0xa<32>), Load(addr=0x45d9d0<64>, size=4, endness=Iend_LE)), CmpLT (signed)(Conv(64I->32I, (Conv(32I->64I, Load(addr=0x45d9d4<64>, size=4, endness=Iend_LE)) - ((((0xffffffff00000000<64> & vvar_14381{s-336|8b}) | 0xa<64>) & 0xffffffff<64>) >>a 0x20<8>))), 0x0<32>), CmpLT (signed)(Conv(64I->32I, (Conv(32I->64I, Load(addr=0x45d9d0<64>, size=4, endness=Iend_LE)) - ((0xffffffff00000000<64> & vvar_14382{s-344|8b}) | 0xa<64>))), 0x0<32>), CmpEQ((Load(addr=0x45d945<64>, size=1, endness=Iend_LE) & 0x2<8>), 0x0<8>), CmpEQ(vvar_14379{s-171|1b}, 0x0<8>), CmpEQ((Load(addr=0x45d945<64>, size=1, endness=Iend_LE) & 0x2<8>), 0x0<8>), CmpEQ(vvar_14383{s-170|1b}, 0x0<8>), CmpEQ(Load(addr=0x45d9de<64>, size=1, endness=Iend_LE), 0x0<8>), CmpEQ(vvar_14383{s-170|1b}, 0x0<8>), CmpEQ(Load(addr=0x45d9de<64>, size=1, endness=Iend_LE), 0x0<8>), CmpEQ(vvar_14383{s-170|1b}, 0x0<8>), CmpEQ(vvar_14383{s-170|1b}, 0x0<8>), CmpEQ((Load(addr=0x45d92f<64>, size=1, endness=Iend_LE) & 0x2<8>), 0x0<8>), CmpEQ(vvar_14385{s-168|1b}, 0x0<8>), CmpEQ((Load(addr=0x45d92f<64>, size=1, endness=Iend_LE) & 0x2<8>), 0x0<8>), CmpEQ(vvar_14383{s-170|1b}, 0x0<8>), CmpEQ(vvar_14383{s-170|1b}, 0x0<8>), CmpEQ(((0x0<32> & Conv(64I->32I, vvar_14386{s-352|8b})) | 0x19<32>), Load(addr=0x45d9e0<64>, size=4, endness=Iend_LE)), CmpLT (signed)(Conv(64I->32I, (Conv(32I->64I, Load(addr=0x45d9e4<64>, size=4, endness=Iend_LE)) - ((((0xffffffff00000000<64> & vvar_14387{s-360|8b}) | 0x19<64>) & 0xffffffff<64>) >>a 0x20<8>))), 0x0<32>), CmpLT (signed)(Conv(64I->32I, (Conv(32I->64I, Load(addr=0x45d9e0<64>, size=4, endness=Iend_LE)) - ((0xffffffff00000000<64> & vvar_14388{s-368|8b}) | 0x19<64>))), 0x0<32>), CmpEQ((Load(addr=0x45d947<64>, size=1, endness=Iend_LE) & 0x2<8>), 0x0<8>), CmpEQ(vvar_14385{s-168|1b}, 0x0<8>), CmpEQ((Load(addr=0x45d947<64>, size=1, endness=Iend_LE) & 0x2<8>), 0x0<8>), CmpEQ(vvar_14389{s-167|1b}, 0x0<8>), CmpEQ(Load(addr=0x45d9ee<64>, size=1, endness=Iend_LE), 0x0<8>), CmpEQ(vvar_14389{s-167|1b}, 0x0<8>), CmpEQ(Load(addr=0x45d9ee<64>, size=1, endness=Iend_LE), 0x0<8>), CmpEQ(vvar_14389{s-167|1b}, 0x0<8>), CmpEQ((Load(addr=0x45d925<64>, size=1, endness=Iend_LE) & 0x2<8>), 0x0<8>), CmpEQ(vvar_14391{s-165|1b}, 0x0<8>), CmpEQ((Load(addr=0x45d925<64>, size=1, endness=Iend_LE) & 0x2<8>), 0x0<8>), CmpEQ(vvar_14389{s-167|1b}, 0x0<8>), CmpEQ((Load(addr=0x45d923<64>, size=1, endness=Iend_LE) & 0x2<8>), 0x0<8>), CmpEQ(vvar_14391{s-165|1b}, 0x0<8>), CmpEQ((Load(addr=0x45d923<64>, size=1, endness=Iend_LE) & 0x2<8>), 0x0<8>), CmpEQ(vvar_14389{s-167|1b}, 0x0<8>), CmpEQ(vvar_14389{s-167|1b}, 0x0<8>), CmpEQ(((0x0<32> & Conv(64I->32I, vvar_14392{s-376|8b})) | 0xa<32>), Load(addr=0x45d9f0<64>, size=4, endness=Iend_LE)), CmpLT (signed)(Conv(64I->32I, (Conv(32I->64I, Load(addr=0x45d9f4<64>, size=4, endness=Iend_LE)) - ((((0xffffffff00000000<64> & vvar_14393{s-384|8b}) | 0xa<64>) & 0xffffffff<64>) >>a 0x20<8>))), 0x0<32>), CmpLT (signed)(Conv(64I->32I, (Conv(32I->64I, Load(addr=0x45d9f0<64>, size=4, endness=Iend_LE)) - ((0xffffffff00000000<64> & vvar_14394{s-392|8b}) | 0xa<64>))), 0x0<32>), CmpEQ((Load(addr=0x45d949<64>, size=1, endness=Iend_LE) & 0x2<8>), 0x0<8>), CmpEQ(vvar_14391{s-165|1b}, 0x0<8>), CmpEQ((Load(addr=0x45d949<64>, size=1, endness=Iend_LE) & 0x2<8>), 0x0<8>), CmpEQ(vvar_14395{s-164|1b}, 0x0<8>), CmpEQ(Load(addr=0x45d9fe<64>, size=1, endness=Iend_LE), 0x0<8>), CmpEQ(vvar_14395{s-164|1b}, 0x0<8>), CmpEQ(Load(addr=0x45d9fe<64>, size=1, endness=Iend_LE), 0x0<8>), CmpEQ(vvar_14395{s-164|1b}, 0x0<8>), CmpEQ(vvar_14395{s-164|1b}, 0x0<8>), CmpEQ(vvar_14395{s-164|1b}, 0x0<8>), CmpEQ((Load(addr=0x45d92b<64>, size=1, endness=Iend_LE) & 0x2<8>), 0x0<8>), CmpEQ(vvar_14397{s-162|1b}, 0x0<8>), CmpEQ((Load(addr=0x45d92b<64>, size=1, endness=Iend_LE) & 0x2<8>), 0x0<8>), CmpEQ(vvar_14395{s-164|1b}, 0x0<8>), CmpEQ(((0x0<32> & Conv(64I->32I, vvar_14398{s-400|8b})) | 0x19<32>), Load(addr=0x45da00<64>, size=4, endness=Iend_LE)), CmpLT (signed)(Conv(64I->32I, (Conv(32I->64I, Load(addr=0x45da04<64>, size=4, endness=Iend_LE)) - ((((0xffffffff00000000<64> & vvar_14399{s-408|8b}) | 0x19<64>) & 0xffffffff<64>) >>a 0x20<8>))), 0x0<32>), CmpLT (signed)(Conv(64I->32I, (Conv(32I->64I, Load(addr=0x45da00<64>, size=4, endness=Iend_LE)) - ((0xffffffff00000000<64> & vvar_14400{s-416|8b}) | 0x19<64>))), 0x0<32>), CmpEQ((Load(addr=0x45d94b<64>, size=1, endness=Iend_LE) & 0x2<8>), 0x0<8>), CmpEQ(vvar_14397{s-162|1b}, 0x0<8>), CmpEQ((Load(addr=0x45d94b<64>, size=1, endness=Iend_LE) & 0x2<8>), 0x0<8>), CmpEQ(vvar_14401{s-161|1b}, 0x0<8>), CmpEQ(Load(addr=0x45da0e<64>, size=1, endness=Iend_LE), 0x0<8>), CmpEQ(vvar_14401{s-161|1b}, 0x0<8>), CmpEQ(Load(addr=0x45da0e<64>, size=1, endness=Iend_LE), 0x0<8>), CmpEQ(vvar_14401{s-161|1b}, 0x0<8>), CmpEQ((Load(addr=0x45d925<64>, size=1, endness=Iend_LE) & 0x2<8>), 0x0<8>), CmpEQ(vvar_14403{s-159|1b}, 0x0<8>), CmpEQ((Load(addr=0x45d925<64>, size=1, endness=Iend_LE) & 0x2<8>), 0x0<8>), CmpEQ(vvar_14401{s-161|1b}, 0x0<8>), CmpEQ((Load(addr=0x45d923<64>, size=1, endness=Iend_LE) & 0x2<8>), 0x0<8>), CmpEQ(vvar_14403{s-159|1b}, 0x0<8>), CmpEQ((Load(addr=0x45d923<64>, size=1, endness=Iend_LE) & 0x2<8>), 0x0<8>), CmpEQ(vvar_14401{s-161|1b}, 0x0<8>), CmpEQ(vvar_14401{s-161|1b}, 0x0<8>), CmpEQ(((0x0<32> & Conv(64I->32I, vvar_14404{s-424|8b})) | 0xa<32>), Load(addr=0x45da10<64>, size=4, endness=Iend_LE)), CmpLT (signed)(Conv(64I->32I, (Conv(32I->64I, Load(addr=0x45da14<64>, size=4, endness=Iend_LE)) - ((((0xffffffff00000000<64> & vvar_14405{s-432|8b}) | 0xa<64>) & 0xffffffff<64>) >>a 0x20<8>))), 0x0<32>), CmpLT (signed)(Conv(64I->32I, (Conv(32I->64I, Load(addr=0x45da10<64>, size=4, endness=Iend_LE)) - ((0xffffffff00000000<64> & vvar_14406{s-440|8b}) | 0xa<64>))), 0x0<32>), CmpEQ((Load(addr=0x45d94d<64>, size=1, endness=Iend_LE) & 0x2<8>), 0x0<8>), CmpEQ(vvar_14403{s-159|1b}, 0x0<8>), CmpEQ((Load(addr=0x45d94d<64>, size=1, endness=Iend_LE) & 0x2<8>), 0x0<8>), CmpEQ(vvar_14407{s-158|1b}, 0x0<8>), CmpEQ(Load(addr=0x45da1e<64>, size=1, endness=Iend_LE), 0x0<8>), CmpEQ(vvar_14407{s-158|1b}, 0x0<8>), CmpEQ(Load(addr=0x45da1e<64>, size=1, endness=Iend_LE), 0x0<8>), CmpEQ(vvar_14407{s-158|1b}, 0x0<8>), CmpEQ(vvar_14407{s-158|1b}, 0x0<8>), CmpEQ(vvar_14407{s-158|1b}, 0x0<8>), CmpEQ((Load(addr=0x45d931<64>, size=1, endness=Iend_LE) & 0x2<8>), 0x0<8>), CmpEQ(vvar_14409{s-156|1b}, 0x0<8>), CmpEQ((Load(addr=0x45d931<64>, size=1, endness=Iend_LE) & 0x2<8>), 0x0<8>), CmpEQ(vvar_14407{s-158|1b}, 0x0<8>), CmpEQ(((0x0<32> & Conv(64I->32I, vvar_14410{s-448|8b})) | 0x19<32>), Load(addr=0x45da20<64>, size=4, endness=Iend_LE)), CmpLT (signed)(Conv(64I->32I, (Conv(32I->64I, Load(addr=0x45da24<64>, size=4, endness=Iend_LE)) - ((((0xffffffff00000000<64> & vvar_14411{s-456|8b}) | 0x19<64>) & 0xffffffff<64>) >>a 0x20<8>))), 0x0<32>), CmpLT (signed)(Conv(64I->32I, (Conv(32I->64I, Load(addr=0x45da20<64>, size=4, endness=Iend_LE)) - ((0xffffffff00000000<64> & vvar_14412{s-464|8b}) | 0x19<64>))), 0x0<32>), CmpEQ((Load(addr=0x45d94f<64>, size=1, endness=Iend_LE) & 0x2<8>), 0x0<8>), CmpEQ(vvar_14409{s-156|1b}, 0x0<8>), CmpEQ((Load(addr=0x45d94f<64>, size=1, endness=Iend_LE) & 0x2<8>), 0x0<8>), CmpEQ(vvar_14413{s-155|1b}, 0x0<8>), CmpEQ(Load(addr=0x45da2e<64>, size=1, endness=Iend_LE), 0x0<8>), CmpEQ(vvar_14413{s-155|1b}, 0x0<8>), CmpEQ(Load(addr=0x45da2e<64>, size=1, endness=Iend_LE), 0x0<8>), CmpEQ(vvar_14413{s-155|1b}, 0x0<8>), CmpEQ((Load(addr=0x45d925<64>, size=1, endness=Iend_LE) & 0x2<8>), 0x0<8>), CmpEQ(vvar_14415{s-153|1b}, 0x0<8>), CmpEQ((Load(addr=0x45d925<64>, size=1, endness=Iend_LE) & 0x2<8>), 0x0<8>), CmpEQ(vvar_14413{s-155|1b}, 0x0<8>), CmpEQ((Load(addr=0x45d923<64>, size=1, endness=Iend_LE) & 0x2<8>), 0x0<8>), CmpEQ(vvar_14415{s-153|1b}, 0x0<8>), CmpEQ((Load(addr=0x45d923<64>, size=1, endness=Iend_LE) & 0x2<8>), 0x0<8>), CmpEQ(vvar_14413{s-155|1b}, 0x0<8>), CmpEQ(vvar_14413{s-155|1b}, 0x0<8>), CmpEQ(((0x0<32> & Conv(64I->32I, vvar_14416{s-472|8b})) | 0xa<32>), Load(addr=0x45da30<64>, size=4, endness=Iend_LE)), CmpLT (signed)(Conv(64I->32I, (Conv(32I->64I, Load(addr=0x45da34<64>, size=4, endness=Iend_LE)) - ((((0xffffffff00000000<64> & vvar_14417{s-480|8b}) | 0xa<64>) & 0xffffffff<64>) >>a 0x20<8>))), 0x0<32>), CmpLT (signed)(Conv(64I->32I, (Conv(32I->64I, Load(addr=0x45da30<64>, size=4, endness=Iend_LE)) - ((0xffffffff00000000<64> & vvar_14418{s-488|8b}) | 0xa<64>))), 0x0<32>), CmpEQ((Load(addr=0x45d951<64>, size=1, endness=Iend_LE) & 0x2<8>), 0x0<8>), CmpEQ(vvar_14415{s-153|1b}, 0x0<8>), CmpEQ((Load(addr=0x45d951<64>, size=1, endness=Iend_LE) & 0x2<8>), 0x0<8>), CmpEQ(vvar_14419{s-152|1b}, 0x0<8>), CmpEQ(Load(addr=0x45da3e<64>, size=1, endness=Iend_LE), 0x0<8>), CmpEQ(vvar_14419{s-152|1b}, 0x0<8>), CmpEQ(Load(addr=0x45da3e<64>, size=1, endness=Iend_LE), 0x0<8>), CmpEQ(vvar_14419{s-152|1b}, 0x0<8>), CmpEQ((Load(addr=0x45d925<64>, size=1, endness=Iend_LE) & 0x2<8>), 0x0<8>), CmpEQ(vvar_14421{s-150|1b}, 0x0<8>), CmpEQ((Load(addr=0x45d925<64>, size=1, endness=Iend_LE) & 0x2<8>), 0x0<8>), CmpEQ(vvar_14419{s-152|1b}, 0x0<8>), CmpEQ((Load(addr=0x45d923<64>, size=1, endness=Iend_LE) & 0x2<8>), 0x0<8>), CmpEQ(vvar_14421{s-150|1b}, 0x0<8>), CmpEQ((Load(addr=0x45d923<64>, size=1, endness=Iend_LE) & 0x2<8>), 0x0<8>), CmpEQ(vvar_14419{s-152|1b}, 0x0<8>), CmpEQ(((0x0<32> & Conv(64I->32I, vvar_14422{s-496|8b})) | 0xa<32>), Load(addr=0x45da40<64>, size=4, endness=Iend_LE)), CmpLT (signed)(Conv(64I->32I, (Conv(32I->64I, Load(addr=0x45da44<64>, size=4, endness=Iend_LE)) - ((((0xffffffff00000000<64> & vvar_14423{s-504|8b}) | 0xa<64>) & 0xffffffff<64>) >>a 0x20<8>))), 0x0<32>), CmpLT (signed)(Conv(64I->32I, (Conv(32I->64I, Load(addr=0x45da40<64>, size=4, endness=Iend_LE)) - ((0xffffffff00000000<64> & vvar_14424{s-512|8b}) | 0xa<64>))), 0x0<32>), CmpEQ((Load(addr=0x45d953<64>, size=1, endness=Iend_LE) & 0x2<8>), 0x0<8>), CmpEQ(vvar_14421{s-150|1b}, 0x0<8>), CmpEQ((Load(addr=0x45d953<64>, size=1, endness=Iend_LE) & 0x2<8>), 0x0<8>), CmpEQ(vvar_14425{s-149|1b}, 0x0<8>), CmpEQ(Load(addr=0x45da4e<64>, size=1, endness=Iend_LE), 0x0<8>), CmpEQ(vvar_14425{s-149|1b}, 0x0<8>), CmpEQ(Load(addr=0x45da4e<64>, size=1, endness=Iend_LE), 0x0<8>), CmpEQ(vvar_14425{s-149|1b}, 0x0<8>), CmpEQ(vvar_14425{s-149|1b}, 0x0<8>), CmpEQ((Load(addr=0x45d931<64>, size=1, endness=Iend_LE) & 0x2<8>), 0x0<8>), CmpEQ(vvar_14427{s-147|1b}, 0x0<8>), CmpEQ((Load(addr=0x45d931<64>, size=1, endness=Iend_LE) & 0x2<8>), 0x0<8>), CmpEQ(vvar_14425{s-149|1b}, 0x0<8>), CmpEQ(vvar_14425{s-149|1b}, 0x0<8>), CmpEQ(((0x0<32> & Conv(64I->32I, vvar_14428{s-520|8b})) | 0x19<32>), Load(addr=0x45da50<64>, size=4, endness=Iend_LE)), CmpLT (signed)(Conv(64I->32I, (Conv(32I->64I, Load(addr=0x45da54<64>, size=4, endness=Iend_LE)) - ((((0xffffffff00000000<64> & vvar_14429{s-528|8b}) | 0x19<64>) & 0xffffffff<64>) >>a 0x20<8>))), 0x0<32>), CmpLT (signed)(Conv(64I->32I, (Conv(32I->64I, Load(addr=0x45da50<64>, size=4, endness=Iend_LE)) - ((0xffffffff00000000<64> & vvar_14430{s-536|8b}) | 0x19<64>))), 0x0<32>), CmpEQ((Load(addr=0x45d955<64>, size=1, endness=Iend_LE) & 0x2<8>), 0x0<8>), CmpEQ(vvar_14427{s-147|1b}, 0x0<8>), CmpEQ((Load(addr=0x45d955<64>, size=1, endness=Iend_LE) & 0x2<8>), 0x0<8>), CmpEQ(vvar_14431{s-146|1b}, 0x0<8>), CmpEQ(Load(addr=0x45da5e<64>, size=1, endness=Iend_LE), 0x0<8>), CmpEQ(vvar_14431{s-146|1b}, 0x0<8>), CmpEQ(Load(addr=0x45da5e<64>, size=1, endness=Iend_LE), 0x0<8>), CmpEQ(vvar_14431{s-146|1b}, 0x0<8>), CmpEQ((Load(addr=0x45d925<64>, size=1, endness=Iend_LE) & 0x2<8>), 0x0<8>), CmpEQ(vvar_14433{s-144|1b}, 0x0<8>), CmpEQ((Load(addr=0x45d925<64>, size=1, endness=Iend_LE) & 0x2<8>), 0x0<8>), CmpEQ(vvar_14431{s-146|1b}, 0x0<8>), CmpEQ((Load(addr=0x45d923<64>, size=1, endness=Iend_LE) & 0x2<8>), 0x0<8>), CmpEQ(vvar_14433{s-144|1b}, 0x0<8>), CmpEQ((Load(addr=0x45d923<64>, size=1, endness=Iend_LE) & 0x2<8>), 0x0<8>), CmpEQ(vvar_14431{s-146|1b}, 0x0<8>), CmpEQ(vvar_14431{s-146|1b}, 0x0<8>), CmpEQ(((0x0<32> & Conv(64I->32I, vvar_14434{s-544|8b})) | 0xa<32>), Load(addr=0x45da60<64>, size=4, endness=Iend_LE)), CmpLT (signed)(Conv(64I->32I, (Conv(32I->64I, Load(addr=0x45da64<64>, size=4, endness=Iend_LE)) - ((((0xffffffff00000000<64> & vvar_14435{s-552|8b}) | 0xa<64>) & 0xffffffff<64>) >>a 0x20<8>))), 0x0<32>), CmpLT (signed)(Conv(64I->32I, (Conv(32I->64I, Load(addr=0x45da60<64>, size=4, endness=Iend_LE)) - ((0xffffffff00000000<64> & vvar_14436{s-560|8b}) | 0xa<64>))), 0x0<32>), CmpEQ((Load(addr=0x45d957<64>, size=1, endness=Iend_LE) & 0x2<8>), 0x0<8>), CmpEQ(vvar_14433{s-144|1b}, 0x0<8>), CmpEQ((Load(addr=0x45d957<64>, size=1, endness=Iend_LE) & 0x2<8>), 0x0<8>), CmpEQ(vvar_14437{s-143|1b}, 0x0<8>), CmpEQ(Load(addr=0x45da6e<64>, size=1, endness=Iend_LE), 0x0<8>), CmpEQ(vvar_14437{s-143|1b}, 0x0<8>), CmpEQ(Load(addr=0x45da6e<64>, size=1, endness=Iend_LE), 0x0<8>), CmpEQ(vvar_14437{s-143|1b}, 0x0<8>), CmpEQ(vvar_14437{s-143|1b}, 0x0<8>), CmpEQ((Load(addr=0x45d92f<64>, size=1, endness=Iend_LE) & 0x2<8>), 0x0<8>), CmpEQ(vvar_14439{s-141|1b}, 0x0<8>), CmpEQ((Load(addr=0x45d92f<64>, size=1, endness=Iend_LE) & 0x2<8>), 0x0<8>), CmpEQ(vvar_14437{s-143|1b}, 0x0<8>), CmpEQ(vvar_14437{s-143|1b}, 0x0<8>), CmpEQ(((0x0<32> & Conv(64I->32I, vvar_14440{s-568|8b})) | 0x19<32>), Load(addr=0x45da70<64>, size=4, endness=Iend_LE)), CmpLT (signed)(Conv(64I->32I, (Conv(32I->64I, Load(addr=0x45da74<64>, size=4, endness=Iend_LE)) - ((((0xffffffff00000000<64> & vvar_14441{s-576|8b}) | 0x19<64>) & 0xffffffff<64>) >>a 0x20<8>))), 0x0<32>), CmpLT (signed)(Conv(64I->32I, (Conv(32I->64I, Load(addr=0x45da70<64>, size=4, endness=Iend_LE)) - ((0xffffffff00000000<64> & vvar_14442{s-584|8b}) | 0x19<64>))), 0x0<32>), CmpEQ((Load(addr=0x45d959<64>, size=1, endness=Iend_LE) & 0x2<8>), 0x0<8>), CmpEQ(vvar_14439{s-141|1b}, 0x0<8>), CmpEQ((Load(addr=0x45d959<64>, size=1, endness=Iend_LE) & 0x2<8>), 0x0<8>), CmpEQ(vvar_14443{s-140|1b}, 0x0<8>), CmpEQ(Load(addr=0x45da7e<64>, size=1, endness=Iend_LE), 0x0<8>), CmpEQ(vvar_14443{s-140|1b}, 0x0<8>), CmpEQ(Load(addr=0x45da7e<64>, size=1, endness=Iend_LE), 0x0<8>), CmpEQ(vvar_14443{s-140|1b}, 0x0<8>), CmpEQ((Load(addr=0x45d925<64>, size=1, endness=Iend_LE) & 0x2<8>), 0x0<8>), CmpEQ(vvar_14445{s-138|1b}, 0x0<8>), CmpEQ((Load(addr=0x45d925<64>, size=1, endness=Iend_LE) & 0x2<8>), 0x0<8>), CmpEQ(vvar_14443{s-140|1b}, 0x0<8>), CmpEQ((Load(addr=0x45d923<64>, size=1, endness=Iend_LE) & 0x2<8>), 0x0<8>), CmpEQ(vvar_14445{s-138|1b}, 0x0<8>), CmpEQ((Load(addr=0x45d923<64>, size=1, endness=Iend_LE) & 0x2<8>), 0x0<8>), CmpEQ(vvar_14443{s-140|1b}, 0x0<8>), CmpEQ(vvar_14443{s-140|1b}, 0x0<8>), CmpEQ(((0x0<32> & Conv(64I->32I, vvar_14446{s-592|8b})) | 0xa<32>), Load(addr=0x45da80<64>, size=4, endness=Iend_LE)), CmpLT (signed)(Conv(64I->32I, (Conv(32I->64I, Load(addr=0x45da84<64>, size=4, endness=Iend_LE)) - ((((0xffffffff00000000<64> & vvar_14447{s-600|8b}) | 0xa<64>) & 0xffffffff<64>) >>a 0x20<8>))), 0x0<32>), CmpLT (signed)(Conv(64I->32I, (Conv(32I->64I, Load(addr=0x45da80<64>, size=4, endness=Iend_LE)) - ((0xffffffff00000000<64> & vvar_14448{s-608|8b}) | 0xa<64>))), 0x0<32>), CmpEQ((Load(addr=0x45d95b<64>, size=1, endness=Iend_LE) & 0x2<8>), 0x0<8>), CmpEQ(vvar_14445{s-138|1b}, 0x0<8>), CmpEQ((Load(addr=0x45d95b<64>, size=1, endness=Iend_LE) & 0x2<8>), 0x0<8>), CmpEQ(vvar_14449{s-137|1b}, 0x0<8>), CmpEQ(Load(addr=0x45da8e<64>, size=1, endness=Iend_LE), 0x0<8>), CmpEQ(vvar_14449{s-137|1b}, 0x0<8>), CmpEQ(Load(addr=0x45da8e<64>, size=1, endness=Iend_LE), 0x0<8>), CmpEQ(vvar_14449{s-137|1b}, 0x0<8>), CmpEQ(vvar_14449{s-137|1b}, 0x0<8>), CmpEQ(vvar_14449{s-137|1b}, 0x0<8>), CmpEQ((Load(addr=0x45d92b<64>, size=1, endness=Iend_LE) & 0x2<8>), 0x0<8>), CmpEQ(vvar_14451{s-135|1b}, 0x0<8>), CmpEQ((Load(addr=0x45d92b<64>, size=1, endness=Iend_LE) & 0x2<8>), 0x0<8>), CmpEQ(vvar_14449{s-137|1b}, 0x0<8>), CmpEQ(((0x0<32> & Conv(64I->32I, vvar_14452{s-616|8b})) | 0x19<32>), Load(addr=0x45da90<64>, size=4, endness=Iend_LE)), CmpLT (signed)(Conv(64I->32I, (Conv(32I->64I, Load(addr=0x45da94<64>, size=4, endness=Iend_LE)) - ((((0xffffffff00000000<64> & vvar_14453{s-624|8b}) | 0x19<64>) & 0xffffffff<64>) >>a 0x20<8>))), 0x0<32>), CmpLT (signed)(Conv(64I->32I, (Conv(32I->64I, Load(addr=0x45da90<64>, size=4, endness=Iend_LE)) - ((0xffffffff00000000<64> & vvar_14454{s-632|8b}) | 0x19<64>))), 0x0<32>), CmpEQ((Load(addr=0x45d95d<64>, size=1, endness=Iend_LE) & 0x2<8>), 0x0<8>), CmpEQ(vvar_14451{s-135|1b}, 0x0<8>), CmpEQ((Load(addr=0x45d95d<64>, size=1, endness=Iend_LE) & 0x2<8>), 0x0<8>), CmpEQ(vvar_14455{s-134|1b}, 0x0<8>), CmpEQ(Load(addr=0x45da9e<64>, size=1, endness=Iend_LE), 0x0<8>), CmpEQ(vvar_14455{s-134|1b}, 0x0<8>), CmpEQ(Load(addr=0x45da9e<64>, size=1, endness=Iend_LE), 0x0<8>), CmpEQ(vvar_14455{s-134|1b}, 0x0<8>), CmpEQ((Load(addr=0x45d925<64>, size=1, endness=Iend_LE) & 0x2<8>), 0x0<8>), CmpEQ(vvar_14457{s-132|1b}, 0x0<8>), CmpEQ((Load(addr=0x45d925<64>, size=1, endness=Iend_LE) & 0x2<8>), 0x0<8>), CmpEQ(vvar_14455{s-134|1b}, 0x0<8>), CmpEQ((Load(addr=0x45d923<64>, size=1, endness=Iend_LE) & 0x2<8>), 0x0<8>), CmpEQ(vvar_14457{s-132|1b}, 0x0<8>), CmpEQ((Load(addr=0x45d923<64>, size=1, endness=Iend_LE) & 0x2<8>), 0x0<8>), CmpEQ(vvar_14455{s-134|1b}, 0x0<8>), CmpEQ(vvar_14455{s-134|1b}, 0x0<8>), CmpEQ(((0x0<32> & Conv(64I->32I, vvar_14458{s-640|8b})) | 0x19<32>), Load(addr=0x45daa0<64>, size=4, endness=Iend_LE)), CmpLT (signed)(Conv(64I->32I, (Conv(32I->64I, Load(addr=0x45daa4<64>, size=4, endness=Iend_LE)) - ((((0xffffffff00000000<64> & vvar_14459{s-648|8b}) | 0x19<64>) & 0xffffffff<64>) >>a 0x20<8>))), 0x0<32>), CmpLT (signed)(Conv(64I->32I, (Conv(32I->64I, Load(addr=0x45daa0<64>, size=4, endness=Iend_LE)) - ((0xffffffff00000000<64> & vvar_14460{s-656|8b}) | 0x19<64>))), 0x0<32>), CmpEQ((Load(addr=0x45d95f<64>, size=1, endness=Iend_LE) & 0x2<8>), 0x0<8>), CmpEQ(vvar_14457{s-132|1b}, 0x0<8>), CmpEQ((Load(addr=0x45d95f<64>, size=1, endness=Iend_LE) & 0x2<8>), 0x0<8>), CmpEQ(vvar_14461{s-131|1b}, 0x0<8>), CmpEQ(Load(addr=0x45daae<64>, size=1, endness=Iend_LE), 0x0<8>), CmpEQ(vvar_14461{s-131|1b}, 0x0<8>), CmpEQ(Load(addr=0x45daae<64>, size=1, endness=Iend_LE), 0x0<8>), CmpEQ(vvar_14461{s-131|1b}, 0x0<8>), CmpEQ(vvar_14461{s-131|1b}, 0x0<8>), CmpEQ(vvar_14461{s-131|1b}, 0x0<8>), CmpEQ((Load(addr=0x45d931<64>, size=1, endness=Iend_LE) & 0x2<8>), 0x0<8>), CmpEQ(vvar_14463{s-129|1b}, 0x0<8>), CmpEQ((Load(addr=0x45d931<64>, size=1, endness=Iend_LE) & 0x2<8>), 0x0<8>), CmpEQ(vvar_14461{s-131|1b}, 0x0<8>), CmpEQ(((0x0<32> & Conv(64I->32I, vvar_14464{s-664|8b})) | 0x19<32>), Load(addr=0x45dab0<64>, size=4, endness=Iend_LE)), CmpLT (signed)(Conv(64I->32I, (Conv(32I->64I, Load(addr=0x45dab4<64>, size=4, endness=Iend_LE)) - ((((0xffffffff00000000<64> & vvar_14465{s-672|8b}) | 0x19<64>) & 0xffffffff<64>) >>a 0x20<8>))), 0x0<32>), CmpLT (signed)(Conv(64I->32I, (Conv(32I->64I, Load(addr=0x45dab0<64>, size=4, endness=Iend_LE)) - ((0xffffffff00000000<64> & vvar_14466{s-680|8b}) | 0x19<64>))), 0x0<32>), CmpEQ((Load(addr=0x45d961<64>, size=1, endness=Iend_LE) & 0x2<8>), 0x0<8>), CmpEQ(vvar_14463{s-129|1b}, 0x0<8>), CmpEQ((Load(addr=0x45d961<64>, size=1, endness=Iend_LE) & 0x2<8>), 0x0<8>), CmpEQ(vvar_14467{s-128|1b}, 0x0<8>), CmpEQ(Load(addr=0x45dabe<64>, size=1, endness=Iend_LE), 0x0<8>), CmpEQ(vvar_14467{s-128|1b}, 0x0<8>), CmpEQ(Load(addr=0x45dabe<64>, size=1, endness=Iend_LE), 0x0<8>), CmpEQ(vvar_14467{s-128|1b}, 0x0<8>), CmpEQ((Load(addr=0x45d925<64>, size=1, endness=Iend_LE) & 0x2<8>), 0x0<8>), CmpEQ(vvar_14469{s-126|1b}, 0x0<8>), CmpEQ((Load(addr=0x45d925<64>, size=1, endness=Iend_LE) & 0x2<8>), 0x0<8>), CmpEQ(vvar_14467{s-128|1b}, 0x0<8>), CmpEQ((Load(addr=0x45d923<64>, size=1, endness=Iend_LE) & 0x2<8>), 0x0<8>), CmpEQ(vvar_14469{s-126|1b}, 0x0<8>), CmpEQ((Load(addr=0x45d923<64>, size=1, endness=Iend_LE) & 0x2<8>), 0x0<8>), CmpEQ(vvar_14467{s-128|1b}, 0x0<8>), CmpEQ(vvar_14467{s-128|1b}, 0x0<8>), CmpEQ(((0x0<32> & Conv(64I->32I, vvar_14470{s-688|8b})) | 0xa<32>), Load(addr=0x45dac0<64>, size=4, endness=Iend_LE)), CmpLT (signed)(Conv(64I->32I, (Conv(32I->64I, Load(addr=0x45dac4<64>, size=4, endness=Iend_LE)) - ((((0xffffffff00000000<64> & vvar_14471{s-696|8b}) | 0xa<64>) & 0xffffffff<64>) >>a 0x20<8>))), 0x0<32>), CmpLT (signed)(Conv(64I->32I, (Conv(32I->64I, Load(addr=0x45dac0<64>, size=4, endness=Iend_LE)) - ((0xffffffff00000000<64> & vvar_14472{s-704|8b}) | 0xa<64>))), 0x0<32>), CmpEQ((Load(addr=0x45d963<64>, size=1, endness=Iend_LE) & 0x2<8>), 0x0<8>), CmpEQ(vvar_14469{s-126|1b}, 0x0<8>), CmpEQ((Load(addr=0x45d963<64>, size=1, endness=Iend_LE) & 0x2<8>), 0x0<8>), CmpEQ(vvar_14473{s-125|1b}, 0x0<8>), CmpEQ(Load(addr=0x45dace<64>, size=1, endness=Iend_LE), 0x0<8>), CmpEQ(vvar_14473{s-125|1b}, 0x0<8>), CmpEQ(Load(addr=0x45dace<64>, size=1, endness=Iend_LE), 0x0<8>), CmpEQ(vvar_14473{s-125|1b}, 0x0<8>), CmpEQ(vvar_14473{s-125|1b}, 0x0<8>), CmpEQ(vvar_14473{s-125|1b}, 0x0<8>), CmpEQ((Load(addr=0x45d935<64>, size=1, endness=Iend_LE) & 0x2<8>), 0x0<8>), CmpEQ(vvar_14475{s-123|1b}, 0x0<8>), CmpEQ((Load(addr=0x45d935<64>, size=1, endness=Iend_LE) & 0x2<8>), 0x0<8>), CmpEQ(vvar_14473{s-125|1b}, 0x0<8>), CmpEQ(((0x0<32> & Conv(64I->32I, vvar_14476{s-712|8b})) | 0x19<32>), Load(addr=0x45dad0<64>, size=4, endness=Iend_LE)), CmpLT (signed)(Conv(64I->32I, (Conv(32I->64I, Load(addr=0x45dad4<64>, size=4, endness=Iend_LE)) - ((((0xffffffff00000000<64> & vvar_14477{s-720|8b}) | 0x19<64>) & 0xffffffff<64>) >>a 0x20<8>))), 0x0<32>), CmpLT (signed)(Conv(64I->32I, (Conv(32I->64I, Load(addr=0x45dad0<64>, size=4, endness=Iend_LE)) - ((0xffffffff00000000<64> & vvar_14478{s-728|8b}) | 0x19<64>))), 0x0<32>), CmpEQ((Load(addr=0x45d965<64>, size=1, endness=Iend_LE) & 0x2<8>), 0x0<8>), CmpEQ(vvar_14475{s-123|1b}, 0x0<8>), CmpEQ((Load(addr=0x45d965<64>, size=1, endness=Iend_LE) & 0x2<8>), 0x0<8>), CmpEQ(vvar_14479{s-122|1b}, 0x0<8>), CmpEQ(Load(addr=0x45dade<64>, size=1, endness=Iend_LE), 0x0<8>), CmpEQ(vvar_14479{s-122|1b}, 0x0<8>), CmpEQ(Load(addr=0x45dade<64>, size=1, endness=Iend_LE), 0x0<8>), CmpEQ(vvar_14479{s-122|1b}, 0x0<8>), CmpEQ((Load(addr=0x45d925<64>, size=1, endness=Iend_LE) & 0x2<8>), 0x0<8>), CmpEQ(vvar_14481{s-120|1b}, 0x0<8>), CmpEQ((Load(addr=0x45d925<64>, size=1, endness=Iend_LE) & 0x2<8>), 0x0<8>), CmpEQ(vvar_14479{s-122|1b}, 0x0<8>), CmpEQ((Load(addr=0x45d923<64>, size=1, endness=Iend_LE) & 0x2<8>), 0x0<8>), CmpEQ(vvar_14481{s-120|1b}, 0x0<8>), CmpEQ((Load(addr=0x45d923<64>, size=1, endness=Iend_LE) & 0x2<8>), 0x0<8>), CmpEQ(vvar_14479{s-122|1b}, 0x0<8>), CmpEQ(vvar_14479{s-122|1b}, 0x0<8>), CmpEQ(((0x0<32> & Conv(64I->32I, vvar_14482{s-736|8b})) | 0xa<32>), Load(addr=0x45dae0<64>, size=4, endness=Iend_LE)), CmpLT (signed)(Conv(64I->32I, (Conv(32I->64I, Load(addr=0x45dae4<64>, size=4, endness=Iend_LE)) - ((((0xffffffff00000000<64> & vvar_14483{s-744|8b}) | 0xa<64>) & 0xffffffff<64>) >>a 0x20<8>))), 0x0<32>), CmpLT (signed)(Conv(64I->32I, (Conv(32I->64I, Load(addr=0x45dae0<64>, size=4, endness=Iend_LE)) - ((0xffffffff00000000<64> & vvar_14484{s-752|8b}) | 0xa<64>))), 0x0<32>), CmpEQ((Load(addr=0x45d967<64>, size=1, endness=Iend_LE) & 0x2<8>), 0x0<8>), CmpEQ(vvar_14481{s-120|1b}, 0x0<8>), CmpEQ((Load(addr=0x45d967<64>, size=1, endness=Iend_LE) & 0x2<8>), 0x0<8>), CmpEQ(vvar_14485{s-119|1b}, 0x0<8>), CmpEQ(Load(addr=0x45daee<64>, size=1, endness=Iend_LE), 0x0<8>), CmpEQ(vvar_14485{s-119|1b}, 0x0<8>), CmpEQ(Load(addr=0x45daee<64>, size=1, endness=Iend_LE), 0x0<8>), CmpEQ(vvar_14485{s-119|1b}, 0x0<8>), CmpEQ((Load(addr=0x45d925<64>, size=1, endness=Iend_LE) & 0x2<8>), 0x0<8>), CmpEQ(vvar_14487{s-117|1b}, 0x0<8>), CmpEQ((Load(addr=0x45d925<64>, size=1, endness=Iend_LE) & 0x2<8>), 0x0<8>), CmpEQ(vvar_14485{s-119|1b}, 0x0<8>), CmpEQ((Load(addr=0x45d923<64>, size=1, endness=Iend_LE) & 0x2<8>), 0x0<8>), CmpEQ(vvar_14487{s-117|1b}, 0x0<8>), CmpEQ((Load(addr=0x45d923<64>, size=1, endness=Iend_LE) & 0x2<8>), 0x0<8>), CmpEQ(vvar_14485{s-119|1b}, 0x0<8>), CmpEQ(((0x0<32> & Conv(64I->32I, vvar_14488{s-760|8b})) | 0xa<32>), Load(addr=0x45daf0<64>, size=4, endness=Iend_LE)), CmpLT (signed)(Conv(64I->32I, (Conv(32I->64I, Load(addr=0x45daf4<64>, size=4, endness=Iend_LE)) - ((((0xffffffff00000000<64> & vvar_14489{s-768|8b}) | 0xa<64>) & 0xffffffff<64>) >>a 0x20<8>))), 0x0<32>), CmpLT (signed)(Conv(64I->32I, (Conv(32I->64I, Load(addr=0x45daf0<64>, size=4, endness=Iend_LE)) - ((0xffffffff00000000<64> & vvar_14490{s-776|8b}) | 0xa<64>))), 0x0<32>), CmpEQ((Load(addr=0x45d969<64>, size=1, endness=Iend_LE) & 0x2<8>), 0x0<8>), CmpEQ(vvar_14487{s-117|1b}, 0x0<8>), CmpEQ((Load(addr=0x45d969<64>, size=1, endness=Iend_LE) & 0x2<8>), 0x0<8>), CmpEQ(vvar_14491{s-116|1b}, 0x0<8>), CmpEQ(Load(addr=0x45dafe<64>, size=1, endness=Iend_LE), 0x0<8>), CmpEQ(vvar_14491{s-116|1b}, 0x0<8>), CmpEQ(Load(addr=0x45dafe<64>, size=1, endness=Iend_LE), 0x0<8>), CmpEQ(vvar_14491{s-116|1b}, 0x0<8>), CmpEQ(vvar_14491{s-116|1b}, 0x0<8>), CmpEQ((Load(addr=0x45d931<64>, size=1, endness=Iend_LE) & 0x2<8>), 0x0<8>), CmpEQ(vvar_14493{s-114|1b}, 0x0<8>), CmpEQ((Load(addr=0x45d931<64>, size=1, endness=Iend_LE) & 0x2<8>), 0x0<8>), CmpEQ(vvar_14491{s-116|1b}, 0x0<8>), CmpEQ(vvar_14491{s-116|1b}, 0x0<8>), CmpEQ(((0x0<32> & Conv(64I->32I, vvar_14494{s-784|8b})) | 0x19<32>), Load(addr=0x45db00<64>, size=4, endness=Iend_LE)), CmpLT (signed)(Conv(64I->32I, (Conv(32I->64I, Load(addr=0x45db04<64>, size=4, endness=Iend_LE)) - ((((0xffffffff00000000<64> & vvar_14495{s-792|8b}) | 0x19<64>) & 0xffffffff<64>) >>a 0x20<8>))), 0x0<32>), CmpLT (signed)(Conv(64I->32I, (Conv(32I->64I, Load(addr=0x45db00<64>, size=4, endness=Iend_LE)) - ((0xffffffff00000000<64> & vvar_14496{s-800|8b}) | 0x19<64>))), 0x0<32>), CmpEQ((Load(addr=0x45d96b<64>, size=1, endness=Iend_LE) & 0x2<8>), 0x0<8>), CmpEQ(vvar_14493{s-114|1b}, 0x0<8>), CmpEQ((Load(addr=0x45d96b<64>, size=1, endness=Iend_LE) & 0x2<8>), 0x0<8>), CmpEQ(vvar_14497{s-113|1b}, 0x0<8>), CmpEQ(Load(addr=0x45db0e<64>, size=1, endness=Iend_LE), 0x0<8>), CmpEQ(vvar_14497{s-113|1b}, 0x0<8>), CmpEQ(Load(addr=0x45db0e<64>, size=1, endness=Iend_LE), 0x0<8>), CmpEQ(vvar_14497{s-113|1b}, 0x0<8>), CmpEQ((Load(addr=0x45d925<64>, size=1, endness=Iend_LE) & 0x2<8>), 0x0<8>), CmpEQ(vvar_14499{s-111|1b}, 0x0<8>), CmpEQ((Load(addr=0x45d925<64>, size=1, endness=Iend_LE) & 0x2<8>), 0x0<8>), CmpEQ(vvar_14497{s-113|1b}, 0x0<8>), CmpEQ((Load(addr=0x45d923<64>, size=1, endness=Iend_LE) & 0x2<8>), 0x0<8>), CmpEQ(vvar_14499{s-111|1b}, 0x0<8>), CmpEQ((Load(addr=0x45d923<64>, size=1, endness=Iend_LE) & 0x2<8>), 0x0<8>), CmpEQ(vvar_14497{s-113|1b}, 0x0<8>), CmpEQ(vvar_14497{s-113|1b}, 0x0<8>), CmpEQ(((0x0<32> & Conv(64I->32I, vvar_14500{s-808|8b})) | 0xa<32>), Load(addr=0x45db10<64>, size=4, endness=Iend_LE)), CmpLT (signed)(Conv(64I->32I, (Conv(32I->64I, Load(addr=0x45db14<64>, size=4, endness=Iend_LE)) - ((((0xffffffff00000000<64> & vvar_14501{s-816|8b}) | 0xa<64>) & 0xffffffff<64>) >>a 0x20<8>))), 0x0<32>), CmpLT (signed)(Conv(64I->32I, (Conv(32I->64I, Load(addr=0x45db10<64>, size=4, endness=Iend_LE)) - ((0xffffffff00000000<64> & vvar_14502{s-824|8b}) | 0xa<64>))), 0x0<32>), CmpEQ((Load(addr=0x45d96d<64>, size=1, endness=Iend_LE) & 0x2<8>), 0x0<8>), CmpEQ(vvar_14499{s-111|1b}, 0x0<8>), CmpEQ((Load(addr=0x45d96d<64>, size=1, endness=Iend_LE) & 0x2<8>), 0x0<8>), CmpEQ(vvar_14503{s-110|1b}, 0x0<8>), CmpEQ(Load(addr=0x45db1e<64>, size=1, endness=Iend_LE), 0x0<8>), CmpEQ(vvar_14503{s-110|1b}, 0x0<8>), CmpEQ(Load(addr=0x45db1e<64>, size=1, endness=Iend_LE), 0x0<8>), CmpEQ(vvar_14503{s-110|1b}, 0x0<8>), CmpEQ(vvar_14503{s-110|1b}, 0x0<8>), CmpEQ((Load(addr=0x45d92f<64>, size=1, endness=Iend_LE) & 0x2<8>), 0x0<8>), CmpEQ(vvar_14505{s-108|1b}, 0x0<8>), CmpEQ((Load(addr=0x45d92f<64>, size=1, endness=Iend_LE) & 0x2<8>), 0x0<8>), CmpEQ(vvar_14503{s-110|1b}, 0x0<8>), CmpEQ(vvar_14503{s-110|1b}, 0x0<8>), CmpEQ(((0x0<32> & Conv(64I->32I, vvar_14506{s-832|8b})) | 0x19<32>), Load(addr=0x45db20<64>, size=4, endness=Iend_LE)), CmpLT (signed)(Conv(64I->32I, (Conv(32I->64I, Load(addr=0x45db24<64>, size=4, endness=Iend_LE)) - ((((0xffffffff00000000<64> & vvar_14507{s-840|8b}) | 0x19<64>) & 0xffffffff<64>) >>a 0x20<8>))), 0x0<32>), CmpLT (signed)(Conv(64I->32I, (Conv(32I->64I, Load(addr=0x45db20<64>, size=4, endness=Iend_LE)) - ((0xffffffff00000000<64> & vvar_14508{s-848|8b}) | 0x19<64>))), 0x0<32>), CmpEQ((Load(addr=0x45d96f<64>, size=1, endness=Iend_LE) & 0x2<8>), 0x0<8>), CmpEQ(vvar_14505{s-108|1b}, 0x0<8>), CmpEQ((Load(addr=0x45d96f<64>, size=1, endness=Iend_LE) & 0x2<8>), 0x0<8>), CmpEQ(vvar_14509{s-107|1b}, 0x0<8>), CmpEQ(Load(addr=0x45db2e<64>, size=1, endness=Iend_LE), 0x0<8>), CmpEQ(vvar_14509{s-107|1b}, 0x0<8>), CmpEQ(Load(addr=0x45db2e<64>, size=1, endness=Iend_LE), 0x0<8>), CmpEQ(vvar_14509{s-107|1b}, 0x0<8>), CmpEQ((Load(addr=0x45d925<64>, size=1, endness=Iend_LE) & 0x2<8>), 0x0<8>), CmpEQ(vvar_14511{s-105|1b}, 0x0<8>), CmpEQ((Load(addr=0x45d925<64>, size=1, endness=Iend_LE) & 0x2<8>), 0x0<8>), CmpEQ(vvar_14509{s-107|1b}, 0x0<8>), CmpEQ((Load(addr=0x45d923<64>, size=1, endness=Iend_LE) & 0x2<8>), 0x0<8>), CmpEQ(vvar_14511{s-105|1b}, 0x0<8>), CmpEQ((Load(addr=0x45d923<64>, size=1, endness=Iend_LE) & 0x2<8>), 0x0<8>), CmpEQ(vvar_14509{s-107|1b}, 0x0<8>), CmpEQ(vvar_14509{s-107|1b}, 0x0<8>), CmpEQ(((0x0<32> & Conv(64I->32I, vvar_14512{s-856|8b})) | 0xa<32>), Load(addr=0x45db30<64>, size=4, endness=Iend_LE)), CmpLT (signed)(Conv(64I->32I, (Conv(32I->64I, Load(addr=0x45db34<64>, size=4, endness=Iend_LE)) - ((((0xffffffff00000000<64> & vvar_14513{s-864|8b}) | 0xa<64>) & 0xffffffff<64>) >>a 0x20<8>))), 0x0<32>), CmpLT (signed)(Conv(64I->32I, (Conv(32I->64I, Load(addr=0x45db30<64>, size=4, endness=Iend_LE)) - ((0xffffffff00000000<64> & vvar_14514{s-872|8b}) | 0xa<64>))), 0x0<32>), CmpEQ((Load(addr=0x45d971<64>, size=1, endness=Iend_LE) & 0x2<8>), 0x0<8>), CmpEQ(vvar_14511{s-105|1b}, 0x0<8>), CmpEQ((Load(addr=0x45d971<64>, size=1, endness=Iend_LE) & 0x2<8>), 0x0<8>), CmpEQ(vvar_14515{s-104|1b}, 0x0<8>), CmpEQ(Load(addr=0x45db3e<64>, size=1, endness=Iend_LE), 0x0<8>), CmpEQ(vvar_14515{s-104|1b}, 0x0<8>), CmpEQ(Load(addr=0x45db3e<64>, size=1, endness=Iend_LE), 0x0<8>), CmpEQ(vvar_14515{s-104|1b}, 0x0<8>), CmpEQ(vvar_14515{s-104|1b}, 0x0<8>), CmpEQ(vvar_14515{s-104|1b}, 0x0<8>), CmpEQ((Load(addr=0x45d92b<64>, size=1, endness=Iend_LE) & 0x2<8>), 0x0<8>), CmpEQ(vvar_14517{s-102|1b}, 0x0<8>), CmpEQ((Load(addr=0x45d92b<64>, size=1, endness=Iend_LE) & 0x2<8>), 0x0<8>), CmpEQ(vvar_14515{s-104|1b}, 0x0<8>), CmpEQ(((0x0<32> & Conv(64I->32I, vvar_14518{s-880|8b})) | 0x19<32>), Load(addr=0x45db40<64>, size=4, endness=Iend_LE)), CmpLT (signed)(Conv(64I->32I, (Conv(32I->64I, Load(addr=0x45db44<64>, size=4, endness=Iend_LE)) - ((((0xffffffff00000000<64> & vvar_14519{s-888|8b}) | 0x19<64>) & 0xffffffff<64>) >>a 0x20<8>))), 0x0<32>), CmpLT (signed)(Conv(64I->32I, (Conv(32I->64I, Load(addr=0x45db40<64>, size=4, endness=Iend_LE)) - ((0xffffffff00000000<64> & vvar_14520{s-896|8b}) | 0x19<64>))), 0x0<32>), CmpEQ((Load(addr=0x45d973<64>, size=1, endness=Iend_LE) & 0x2<8>), 0x0<8>), CmpEQ(vvar_14517{s-102|1b}, 0x0<8>), CmpEQ((Load(addr=0x45d973<64>, size=1, endness=Iend_LE) & 0x2<8>), 0x0<8>), CmpEQ(vvar_14521{s-101|1b}, 0x0<8>), CmpEQ(Load(addr=0x45db4e<64>, size=1, endness=Iend_LE), 0x0<8>), CmpEQ(vvar_14521{s-101|1b}, 0x0<8>), CmpEQ(Load(addr=0x45db4e<64>, size=1, endness=Iend_LE), 0x0<8>), CmpEQ(vvar_14521{s-101|1b}, 0x0<8>), CmpEQ((Load(addr=0x45d925<64>, size=1, endness=Iend_LE) & 0x2<8>), 0x0<8>), CmpEQ(vvar_14523{s-99|1b}, 0x0<8>), CmpEQ((Load(addr=0x45d925<64>, size=1, endness=Iend_LE) & 0x2<8>), 0x0<8>), CmpEQ(vvar_14521{s-101|1b}, 0x0<8>), CmpEQ((Load(addr=0x45d923<64>, size=1, endness=Iend_LE) & 0x2<8>), 0x0<8>), CmpEQ(vvar_14523{s-99|1b}, 0x0<8>), CmpEQ((Load(addr=0x45d923<64>, size=1, endness=Iend_LE) & 0x2<8>), 0x0<8>), CmpEQ(vvar_14521{s-101|1b}, 0x0<8>), CmpEQ(vvar_14521{s-101|1b}, 0x0<8>), CmpEQ(((0x0<32> & Conv(64I->32I, vvar_14524{s-904|8b})) | 0xa<32>), Load(addr=0x45db50<64>, size=4, endness=Iend_LE)), CmpLT (signed)(Conv(64I->32I, (Conv(32I->64I, Load(addr=0x45db54<64>, size=4, endness=Iend_LE)) - ((((0xffffffff00000000<64> & vvar_14525{s-912|8b}) | 0xa<64>) & 0xffffffff<64>) >>a 0x20<8>))), 0x0<32>), CmpLT (signed)(Conv(64I->32I, (Conv(32I->64I, Load(addr=0x45db50<64>, size=4, endness=Iend_LE)) - ((0xffffffff00000000<64> & vvar_14526{s-920|8b}) | 0xa<64>))), 0x0<32>), CmpEQ((Load(addr=0x45d975<64>, size=1, endness=Iend_LE) & 0x2<8>), 0x0<8>), CmpEQ(vvar_14523{s-99|1b}, 0x0<8>), CmpEQ((Load(addr=0x45d975<64>, size=1, endness=Iend_LE) & 0x2<8>), 0x0<8>), CmpEQ(vvar_14527{s-98|1b}, 0x0<8>), CmpEQ(Load(addr=0x45db5e<64>, size=1, endness=Iend_LE), 0x0<8>), CmpEQ(vvar_14527{s-98|1b}, 0x0<8>), CmpEQ(Load(addr=0x45db5e<64>, size=1, endness=Iend_LE), 0x0<8>), CmpEQ(vvar_14527{s-98|1b}, 0x0<8>), CmpEQ(vvar_14527{s-98|1b}, 0x0<8>), CmpEQ(vvar_14527{s-98|1b}, 0x0<8>), CmpEQ((Load(addr=0x45d931<64>, size=1, endness=Iend_LE) & 0x2<8>), 0x0<8>), CmpEQ(vvar_14529{s-96|1b}, 0x0<8>), CmpEQ((Load(addr=0x45d931<64>, size=1, endness=Iend_LE) & 0x2<8>), 0x0<8>), CmpEQ(vvar_14527{s-98|1b}, 0x0<8>), CmpEQ(((0x0<32> & Conv(64I->32I, vvar_14530{s-928|8b})) | 0x19<32>), Load(addr=0x45db60<64>, size=4, endness=Iend_LE)), CmpLT (signed)(Conv(64I->32I, (Conv(32I->64I, Load(addr=0x45db64<64>, size=4, endness=Iend_LE)) - ((((0xffffffff00000000<64> & vvar_14531{s-936|8b}) | 0x19<64>) & 0xffffffff<64>) >>a 0x20<8>))), 0x0<32>), CmpLT (signed)(Conv(64I->32I, (Conv(32I->64I, Load(addr=0x45db60<64>, size=4, endness=Iend_LE)) - ((0xffffffff00000000<64> & vvar_14532{s-944|8b}) | 0x19<64>))), 0x0<32>), CmpEQ((Load(addr=0x45d977<64>, size=1, endness=Iend_LE) & 0x2<8>), 0x0<8>), CmpEQ(vvar_14529{s-96|1b}, 0x0<8>), CmpEQ((Load(addr=0x45d977<64>, size=1, endness=Iend_LE) & 0x2<8>), 0x0<8>), CmpEQ(vvar_14533{s-95|1b}, 0x0<8>), CmpEQ(Load(addr=0x45db6e<64>, size=1, endness=Iend_LE), 0x0<8>), CmpEQ(vvar_14533{s-95|1b}, 0x0<8>), CmpEQ(Load(addr=0x45db6e<64>, size=1, endness=Iend_LE), 0x0<8>), CmpEQ(vvar_14533{s-95|1b}, 0x0<8>), CmpEQ((Load(addr=0x45d925<64>, size=1, endness=Iend_LE) & 0x2<8>), 0x0<8>), CmpEQ(vvar_14535{s-93|1b}, 0x0<8>), CmpEQ((Load(addr=0x45d925<64>, size=1, endness=Iend_LE) & 0x2<8>), 0x0<8>), CmpEQ(vvar_14533{s-95|1b}, 0x0<8>), CmpEQ((Load(addr=0x45d923<64>, size=1, endness=Iend_LE) & 0x2<8>), 0x0<8>), CmpEQ(vvar_14535{s-93|1b}, 0x0<8>), CmpEQ((Load(addr=0x45d923<64>, size=1, endness=Iend_LE) & 0x2<8>), 0x0<8>), CmpEQ(vvar_14533{s-95|1b}, 0x0<8>), CmpEQ(vvar_14533{s-95|1b}, 0x0<8>), CmpEQ(((0x0<32> & Conv(64I->32I, vvar_14536{s-952|8b})) | 0xa<32>), Load(addr=0x45db70<64>, size=4, endness=Iend_LE)), CmpLT (signed)(Conv(64I->32I, (Conv(32I->64I, Load(addr=0x45db74<64>, size=4, endness=Iend_LE)) - ((((0xffffffff00000000<64> & vvar_14537{s-960|8b}) | 0xa<64>) & 0xffffffff<64>) >>a 0x20<8>))), 0x0<32>), CmpLT (signed)(Conv(64I->32I, (Conv(32I->64I, Load(addr=0x45db70<64>, size=4, endness=Iend_LE)) - ((0xffffffff00000000<64> & vvar_14538{s-968|8b}) | 0xa<64>))), 0x0<32>), CmpEQ((Load(addr=0x45d979<64>, size=1, endness=Iend_LE) & 0x2<8>), 0x0<8>), CmpEQ(vvar_14535{s-93|1b}, 0x0<8>), CmpEQ((Load(addr=0x45d979<64>, size=1, endness=Iend_LE) & 0x2<8>), 0x0<8>), CmpEQ(vvar_14539{s-92|1b}, 0x0<8>), CmpEQ(Load(addr=0x45db7e<64>, size=1, endness=Iend_LE), 0x0<8>), CmpEQ(vvar_14539{s-92|1b}, 0x0<8>), CmpEQ(Load(addr=0x45db7e<64>, size=1, endness=Iend_LE), 0x0<8>), CmpEQ(vvar_14539{s-92|1b}, 0x0<8>), CmpEQ(vvar_14539{s-92|1b}, 0x0<8>), CmpEQ(vvar_14539{s-92|1b}, 0x0<8>), CmpEQ((Load(addr=0x45d935<64>, size=1, endness=Iend_LE) & 0x2<8>), 0x0<8>), CmpEQ(vvar_14541{s-90|1b}, 0x0<8>), CmpEQ((Load(addr=0x45d935<64>, size=1, endness=Iend_LE) & 0x2<8>), 0x0<8>), CmpEQ(vvar_14539{s-92|1b}, 0x0<8>), CmpEQ(((0x0<32> & Conv(64I->32I, vvar_14542{s-976|8b})) | 0x19<32>), Load(addr=0x45db80<64>, size=4, endness=Iend_LE)), CmpLT (signed)(Conv(64I->32I, (Conv(32I->64I, Load(addr=0x45db84<64>, size=4, endness=Iend_LE)) - ((((0xffffffff00000000<64> & vvar_14543{s-984|8b}) | 0x19<64>) & 0xffffffff<64>) >>a 0x20<8>))), 0x0<32>), CmpLT (signed)(Conv(64I->32I, (Conv(32I->64I, Load(addr=0x45db80<64>, size=4, endness=Iend_LE)) - ((0xffffffff00000000<64> & vvar_14544{s-992|8b}) | 0x19<64>))), 0x0<32>), CmpEQ((Load(addr=0x45d97b<64>, size=1, endness=Iend_LE) & 0x2<8>), 0x0<8>), CmpEQ(vvar_14541{s-90|1b}, 0x0<8>), CmpEQ((Load(addr=0x45d97b<64>, size=1, endness=Iend_LE) & 0x2<8>), 0x0<8>), CmpEQ(vvar_14545{s-89|1b}, 0x0<8>), CmpEQ(Load(addr=0x45db8e<64>, size=1, endness=Iend_LE), 0x0<8>), CmpEQ(vvar_14545{s-89|1b}, 0x0<8>), CmpEQ(Load(addr=0x45db8e<64>, size=1, endness=Iend_LE), 0x0<8>), CmpEQ(vvar_14545{s-89|1b}, 0x0<8>), CmpEQ((Load(addr=0x45d925<64>, size=1, endness=Iend_LE) & 0x2<8>), 0x0<8>), CmpEQ(vvar_14547{s-87|1b}, 0x0<8>), CmpEQ((Load(addr=0x45d925<64>, size=1, endness=Iend_LE) & 0x2<8>), 0x0<8>), CmpEQ(vvar_14545{s-89|1b}, 0x0<8>), CmpEQ((Load(addr=0x45d923<64>, size=1, endness=Iend_LE) & 0x2<8>), 0x0<8>), CmpEQ(vvar_14547{s-87|1b}, 0x0<8>), CmpEQ((Load(addr=0x45d923<64>, size=1, endness=Iend_LE) & 0x2<8>), 0x0<8>), CmpEQ(vvar_14545{s-89|1b}, 0x0<8>), CmpEQ(vvar_14545{s-89|1b}, 0x0<8>), CmpEQ(((0x0<32> & Conv(64I->32I, vvar_14548{s-1000|8b})) | 0xa<32>), Load(addr=0x45db90<64>, size=4, endness=Iend_LE)), CmpLT (signed)(Conv(64I->32I, (Conv(32I->64I, Load(addr=0x45db94<64>, size=4, endness=Iend_LE)) - ((((0xffffffff00000000<64> & vvar_14549{s-1008|8b}) | 0xa<64>) & 0xffffffff<64>) >>a 0x20<8>))), 0x0<32>), CmpLT (signed)(Conv(64I->32I, (Conv(32I->64I, Load(addr=0x45db90<64>, size=4, endness=Iend_LE)) - ((0xffffffff00000000<64> & vvar_14550{s-1016|8b}) | 0xa<64>))), 0x0<32>), CmpEQ((Load(addr=0x45d97d<64>, size=1, endness=Iend_LE) & 0x2<8>), 0x0<8>), CmpEQ(vvar_14547{s-87|1b}, 0x0<8>), CmpEQ((Load(addr=0x45d97d<64>, size=1, endness=Iend_LE) & 0x2<8>), 0x0<8>), CmpEQ(vvar_14551{s-86|1b}, 0x0<8>), CmpEQ(Load(addr=0x45db9e<64>, size=1, endness=Iend_LE), 0x0<8>), CmpEQ(vvar_14551{s-86|1b}, 0x0<8>), CmpEQ(Load(addr=0x45db9e<64>, size=1, endness=Iend_LE), 0x0<8>), CmpEQ(vvar_14551{s-86|1b}, 0x0<8>), CmpEQ(vvar_14551{s-86|1b}, 0x0<8>), CmpEQ(vvar_14551{s-86|1b}, 0x0<8>), CmpEQ((Load(addr=0x45d933<64>, size=1, endness=Iend_LE) & 0x2<8>), 0x0<8>), CmpEQ(vvar_14553{s-84|1b}, 0x0<8>), CmpEQ((Load(addr=0x45d933<64>, size=1, endness=Iend_LE) & 0x2<8>), 0x0<8>), CmpEQ(vvar_14551{s-86|1b}, 0x0<8>), CmpEQ(((0x0<32> & Conv(64I->32I, vvar_14554{s-1024|8b})) | 0xa<32>), Load(addr=0x45dba0<64>, size=4, endness=Iend_LE)), CmpLT (signed)(Conv(64I->32I, (Conv(32I->64I, Load(addr=0x45dba4<64>, size=4, endness=Iend_LE)) - ((((0xffffffff00000000<64> & vvar_14555{s-1032|8b}) | 0xa<64>) & 0xffffffff<64>) >>a 0x20<8>))), 0x0<32>), CmpLT (signed)(Conv(64I->32I, (Conv(32I->64I, Load(addr=0x45dba0<64>, size=4, endness=Iend_LE)) - ((0xffffffff00000000<64> & vvar_14556{s-1040|8b}) | 0xa<64>))), 0x0<32>), CmpEQ((Load(addr=0x45d97f<64>, size=1, endness=Iend_LE) & 0x2<8>), 0x0<8>), CmpEQ(vvar_14553{s-84|1b}, 0x0<8>), CmpEQ((Load(addr=0x45d97f<64>, size=1, endness=Iend_LE) & 0x2<8>), 0x0<8>), CmpEQ(vvar_14557{s-83|1b}, 0x0<8>), CmpEQ(Load(addr=0x45dbae<64>, size=1, endness=Iend_LE), 0x0<8>), CmpEQ(vvar_14557{s-83|1b}, 0x0<8>), CmpEQ(Load(addr=0x45dbae<64>, size=1, endness=Iend_LE), 0x0<8>), CmpEQ(vvar_14557{s-83|1b}, 0x0<8>), CmpEQ((Load(addr=0x45d925<64>, size=1, endness=Iend_LE) & 0x2<8>), 0x0<8>), CmpEQ(vvar_14559{s-81|1b}, 0x0<8>), CmpEQ((Load(addr=0x45d925<64>, size=1, endness=Iend_LE) & 0x2<8>), 0x0<8>), CmpEQ(vvar_14557{s-83|1b}, 0x0<8>), CmpEQ((Load(addr=0x45d923<64>, size=1, endness=Iend_LE) & 0x2<8>), 0x0<8>), CmpEQ(vvar_14559{s-81|1b}, 0x0<8>), CmpEQ((Load(addr=0x45d923<64>, size=1, endness=Iend_LE) & 0x2<8>), 0x0<8>), CmpEQ(vvar_14557{s-83|1b}, 0x0<8>), CmpEQ(vvar_14557{s-83|1b}, 0x0<8>), CmpEQ(((0x0<32> & Conv(64I->32I, vvar_14560{s-1048|8b})) | 0xa<32>), Load(addr=0x45dbb0<64>, size=4, endness=Iend_LE)), CmpLT (signed)(Conv(64I->32I, (Conv(32I->64I, Load(addr=0x45dbb4<64>, size=4, endness=Iend_LE)) - ((((0xffffffff00000000<64> & vvar_14561{s-1056|8b}) | 0xa<64>) & 0xffffffff<64>) >>a 0x20<8>))), 0x0<32>), CmpLT (signed)(Conv(64I->32I, (Conv(32I->64I, Load(addr=0x45dbb0<64>, size=4, endness=Iend_LE)) - ((0xffffffff00000000<64> & vvar_14562{s-1064|8b}) | 0xa<64>))), 0x0<32>), CmpEQ((Load(addr=0x45d981<64>, size=1, endness=Iend_LE) & 0x2<8>), 0x0<8>), CmpEQ(vvar_14559{s-81|1b}, 0x0<8>), CmpEQ((Load(addr=0x45d981<64>, size=1, endness=Iend_LE) & 0x2<8>), 0x0<8>), CmpEQ(vvar_14563{s-80|1b}, 0x0<8>), CmpEQ(Load(addr=0x45dbbe<64>, size=1, endness=Iend_LE), 0x0<8>), CmpEQ(vvar_14563{s-80|1b}, 0x0<8>), CmpEQ(Load(addr=0x45dbbe<64>, size=1, endness=Iend_LE), 0x0<8>), CmpEQ(vvar_14563{s-80|1b}, 0x0<8>), CmpEQ(vvar_14563{s-80|1b}, 0x0<8>), CmpEQ(vvar_14563{s-80|1b}, 0x0<8>), CmpEQ((Load(addr=0x45d92b<64>, size=1, endness=Iend_LE) & 0x2<8>), 0x0<8>), CmpEQ(vvar_14565{s-78|1b}, 0x0<8>), CmpEQ((Load(addr=0x45d92b<64>, size=1, endness=Iend_LE) & 0x2<8>), 0x0<8>), CmpEQ(vvar_14563{s-80|1b}, 0x0<8>), CmpEQ(((0x0<32> & Conv(64I->32I, vvar_14566{s-1072|8b})) | 0x19<32>), Load(addr=0x45dbc0<64>, size=4, endness=Iend_LE)), CmpLT (signed)(Conv(64I->32I, (Conv(32I->64I, Load(addr=0x45dbc4<64>, size=4, endness=Iend_LE)) - ((((0xffffffff00000000<64> & vvar_14567{s-1080|8b}) | 0x19<64>) & 0xffffffff<64>) >>a 0x20<8>))), 0x0<32>), CmpLT (signed)(Conv(64I->32I, (Conv(32I->64I, Load(addr=0x45dbc0<64>, size=4, endness=Iend_LE)) - ((0xffffffff00000000<64> & vvar_14568{s-1088|8b}) | 0x19<64>))), 0x0<32>), CmpEQ((Load(addr=0x45d983<64>, size=1, endness=Iend_LE) & 0x2<8>), 0x0<8>), CmpEQ(vvar_14565{s-78|1b}, 0x0<8>), CmpEQ((Load(addr=0x45d983<64>, size=1, endness=Iend_LE) & 0x2<8>), 0x0<8>), CmpEQ(vvar_14569{s-77|1b}, 0x0<8>), CmpEQ(Load(addr=0x45dbce<64>, size=1, endness=Iend_LE), 0x0<8>), CmpEQ(vvar_14569{s-77|1b}, 0x0<8>), CmpEQ(Load(addr=0x45dbce<64>, size=1, endness=Iend_LE), 0x0<8>), CmpEQ(vvar_14569{s-77|1b}, 0x0<8>), CmpEQ((Load(addr=0x45d925<64>, size=1, endness=Iend_LE) & 0x2<8>), 0x0<8>), CmpEQ(vvar_14571{s-75|1b}, 0x0<8>), CmpEQ((Load(addr=0x45d925<64>, size=1, endness=Iend_LE) & 0x2<8>), 0x0<8>), CmpEQ(vvar_14569{s-77|1b}, 0x0<8>), CmpEQ((Load(addr=0x45d923<64>, size=1, endness=Iend_LE) & 0x2<8>), 0x0<8>), CmpEQ(vvar_14571{s-75|1b}, 0x0<8>), CmpEQ((Load(addr=0x45d923<64>, size=1, endness=Iend_LE) & 0x2<8>), 0x0<8>), CmpEQ(vvar_14569{s-77|1b}, 0x0<8>), CmpEQ(vvar_14569{s-77|1b}, 0x0<8>), CmpEQ(((0x0<32> & Conv(64I->32I, vvar_14572{s-1096|8b})) | 0xa<32>), Load(addr=0x45dbd0<64>, size=4, endness=Iend_LE)), CmpLT (signed)(Conv(64I->32I, (Conv(32I->64I, Load(addr=0x45dbd4<64>, size=4, endness=Iend_LE)) - ((((0xffffffff00000000<64> & vvar_14573{s-1104|8b}) | 0xa<64>) & 0xffffffff<64>) >>a 0x20<8>))), 0x0<32>), CmpLT (signed)(Conv(64I->32I, (Conv(32I->64I, Load(addr=0x45dbd0<64>, size=4, endness=Iend_LE)) - ((0xffffffff00000000<64> & vvar_14574{s-1112|8b}) | 0xa<64>))), 0x0<32>), CmpEQ((Load(addr=0x45d985<64>, size=1, endness=Iend_LE) & 0x2<8>), 0x0<8>), CmpEQ(vvar_14571{s-75|1b}, 0x0<8>), CmpEQ((Load(addr=0x45d985<64>, size=1, endness=Iend_LE) & 0x2<8>), 0x0<8>), CmpLT (signed)(Conv(16I->32I, vvar_14242{s-74|2b}), Conv(16I->32I, Load(addr=0x45e060<64>, size=2, endness=Iend_LE))), CmpEQ(Load(addr=((Conv(16I->64I, vvar_14242{s-74|2b}) * 0x18<64>) + 0x45dbe3<64>), size=1, endness=Iend_LE), 0x0<8>), CmpEQ(Load(addr=((Conv(16I->64I, vvar_14242{s-74|2b}) * 0x18<64>) + 0x45dbe4<64>), size=1, endness=Iend_LE), 0x0<8>), CmpEQ((Load(addr=((Conv(16I->64I, vvar_14242{s-74|2b}) * 0x18<64>) + 0x45dbe2<64>), size=1, endness=Iend_LE) & 0x2<8>), 0x0<8>), CmpEQ(Load(addr=0x45dbfc<64>, size=1, endness=Iend_LE), 0x0<8>), CmpEQ((Load(addr=0x45d921<64>, size=1, endness=Iend_LE) & 0x2<8>), 0x0<8>), CmpEQ(Load(addr=0x45dbfb<64>, size=1, endness=Iend_LE), 0x0<8>), CmpEQ((Load(addr=0x45d921<64>, size=1, endness=Iend_LE) & 0x2<8>), 0x0<8>), CmpEQ(Load(addr=0x45dc14<64>, size=1, endness=Iend_LE), 0x0<8>), CmpEQ((Load(addr=0x45d925<64>, size=1, endness=Iend_LE) & 0x2<8>), 0x0<8>), CmpEQ(Load(addr=0x45dc13<64>, size=1, endness=Iend_LE), 0x0<8>), CmpEQ((Load(addr=0x45d925<64>, size=1, endness=Iend_LE) & 0x2<8>), 0x0<8>), CmpEQ(Load(addr=0x45dc2c<64>, size=1, endness=Iend_LE), 0x0<8>), CmpEQ((Load(addr=0x45d923<64>, size=1, endness=Iend_LE) & 0x2<8>), 0x0<8>), CmpEQ(Load(addr=0x45dc2b<64>, size=1, endness=Iend_LE), 0x0<8>), CmpEQ((Load(addr=0x45d923<64>, size=1, endness=Iend_LE) & 0x2<8>), 0x0<8>), CmpEQ(Load(addr=0x45dc44<64>, size=1, endness=Iend_LE), 0x0<8>), CmpEQ((Load(addr=0x45d931<64>, size=1, endness=Iend_LE) & 0x2<8>), 0x0<8>), CmpEQ(Load(addr=0x45dc43<64>, size=1, endness=Iend_LE), 0x0<8>), CmpEQ((Load(addr=0x45d931<64>, size=1, endness=Iend_LE) & 0x2<8>), 0x0<8>), CmpEQ(Load(addr=0x45dc5c<64>, size=1, endness=Iend_LE), 0x0<8>), CmpEQ((Load(addr=0x45d92b<64>, size=1, endness=Iend_LE) & 0x2<8>), 0x0<8>), CmpEQ(Load(addr=0x45dc5b<64>, size=1, endness=Iend_LE), 0x0<8>), CmpEQ((Load(addr=0x45d92b<64>, size=1, endness=Iend_LE) & 0x2<8>), 0x0<8>), CmpEQ(Load(addr=0x45dc74<64>, size=1, endness=Iend_LE), 0x0<8>), CmpEQ((Load(addr=0x45d933<64>, size=1, endness=Iend_LE) & 0x2<8>), 0x0<8>), CmpEQ(Load(addr=0x45dc73<64>, size=1, endness=Iend_LE), 0x0<8>), CmpEQ((Load(addr=0x45d933<64>, size=1, endness=Iend_LE) & 0x2<8>), 0x0<8>), CmpEQ(Load(addr=0x45dc8c<64>, size=1, endness=Iend_LE), 0x0<8>), CmpEQ((Load(addr=0x45d935<64>, size=1, endness=Iend_LE) & 0x2<8>), 0x0<8>), CmpEQ(Load(addr=0x45dc8b<64>, size=1, endness=Iend_LE), 0x0<8>), CmpEQ((Load(addr=0x45d935<64>, size=1, endness=Iend_LE) & 0x2<8>), 0x0<8>), CmpEQ(Load(addr=0x45dca4<64>, size=1, endness=Iend_LE), 0x0<8>), CmpEQ((Load(addr=0x45d937<64>, size=1, endness=Iend_LE) & 0x2<8>), 0x0<8>), CmpEQ(Load(addr=0x45dca3<64>, size=1, endness=Iend_LE), 0x0<8>), CmpEQ((Load(addr=0x45d937<64>, size=1, endness=Iend_LE) & 0x2<8>), 0x0<8>), CmpEQ(Load(addr=0x45dcbc<64>, size=1, endness=Iend_LE), 0x0<8>), CmpEQ((Load(addr=0x45d929<64>, size=1, endness=Iend_LE) & 0x2<8>), 0x0<8>), CmpEQ(Load(addr=0x45dcbb<64>, size=1, endness=Iend_LE), 0x0<8>), CmpEQ((Load(addr=0x45d929<64>, size=1, endness=Iend_LE) & 0x2<8>), 0x0<8>), CmpEQ(Load(addr=0x45dcd4<64>, size=1, endness=Iend_LE), 0x0<8>), CmpEQ((Load(addr=0x45d92d<64>, size=1, endness=Iend_LE) & 0x2<8>), 0x0<8>), CmpEQ(Load(addr=0x45dcd3<64>, size=1, endness=Iend_LE), 0x0<8>), CmpEQ((Load(addr=0x45d92d<64>, size=1, endness=Iend_LE) & 0x2<8>), 0x0<8>), CmpEQ(Load(addr=0x45dcec<64>, size=1, endness=Iend_LE), 0x0<8>), CmpEQ((Load(addr=0x45d927<64>, size=1, endness=Iend_LE) & 0x2<8>), 0x0<8>), CmpEQ(Load(addr=0x45dceb<64>, size=1, endness=Iend_LE), 0x0<8>), CmpEQ((Load(addr=0x45d927<64>, size=1, endness=Iend_LE) & 0x2<8>), 0x0<8>), CmpEQ(Load(addr=0x45dd04<64>, size=1, endness=Iend_LE), 0x0<8>), CmpEQ((Load(addr=0x45d92f<64>, size=1, endness=Iend_LE) & 0x2<8>), 0x0<8>), CmpEQ(Load(addr=0x45dd03<64>, size=1, endness=Iend_LE), 0x0<8>), CmpEQ((Load(addr=0x45d92f<64>, size=1, endness=Iend_LE) & 0x2<8>), 0x0<8>), CmpEQ(Load(addr=0x45dd1c<64>, size=1, endness=Iend_LE), 0x0<8>), CmpEQ((Load(addr=0x45d941<64>, size=1, endness=Iend_LE) & 0x2<8>), 0x0<8>), CmpEQ(Load(addr=0x45dd1b<64>, size=1, endness=Iend_LE), 0x0<8>), CmpEQ((Load(addr=0x45d941<64>, size=1, endness=Iend_LE) & 0x2<8>), 0x0<8>), CmpEQ(Load(addr=0x45dd34<64>, size=1, endness=Iend_LE), 0x0<8>), CmpEQ((Load(addr=0x45d943<64>, size=1, endness=Iend_LE) & 0x2<8>), 0x0<8>), CmpEQ(Load(addr=0x45dd33<64>, size=1, endness=Iend_LE), 0x0<8>), CmpEQ((Load(addr=0x45d943<64>, size=1, endness=Iend_LE) & 0x2<8>), 0x0<8>), CmpEQ(Load(addr=0x45dd4c<64>, size=1, endness=Iend_LE), 0x0<8>), CmpEQ((Load(addr=0x45d945<64>, size=1, endness=Iend_LE) & 0x2<8>), 0x0<8>), CmpEQ(Load(addr=0x45dd4b<64>, size=1, endness=Iend_LE), 0x0<8>), CmpEQ((Load(addr=0x45d945<64>, size=1, endness=Iend_LE) & 0x2<8>), 0x0<8>), CmpEQ(Load(addr=0x45dd64<64>, size=1, endness=Iend_LE), 0x0<8>), CmpEQ((Load(addr=0x45d947<64>, size=1, endness=Iend_LE) & 0x2<8>), 0x0<8>), CmpEQ(Load(addr=0x45dd63<64>, size=1, endness=Iend_LE), 0x0<8>), CmpEQ((Load(addr=0x45d947<64>, size=1, endness=Iend_LE) & 0x2<8>), 0x0<8>), CmpEQ(Load(addr=0x45dd7c<64>, size=1, endness=Iend_LE), 0x0<8>), CmpEQ((Load(addr=0x45d949<64>, size=1, endness=Iend_LE) & 0x2<8>), 0x0<8>), CmpEQ(Load(addr=0x45dd7b<64>, size=1, endness=Iend_LE), 0x0<8>), CmpEQ((Load(addr=0x45d949<64>, size=1, endness=Iend_LE) & 0x2<8>), 0x0<8>), CmpEQ(Load(addr=0x45dd94<64>, size=1, endness=Iend_LE), 0x0<8>), CmpEQ((Load(addr=0x45d94b<64>, size=1, endness=Iend_LE) & 0x2<8>), 0x0<8>), CmpEQ(Load(addr=0x45dd93<64>, size=1, endness=Iend_LE), 0x0<8>), CmpEQ((Load(addr=0x45d94b<64>, size=1, endness=Iend_LE) & 0x2<8>), 0x0<8>), CmpEQ(Load(addr=0x45ddac<64>, size=1, endness=Iend_LE), 0x0<8>), CmpEQ((Load(addr=0x45d94d<64>, size=1, endness=Iend_LE) & 0x2<8>), 0x0<8>), CmpEQ(Load(addr=0x45ddab<64>, size=1, endness=Iend_LE), 0x0<8>), CmpEQ((Load(addr=0x45d94d<64>, size=1, endness=Iend_LE) & 0x2<8>), 0x0<8>), CmpEQ(Load(addr=0x45ddc4<64>, size=1, endness=Iend_LE), 0x0<8>), CmpEQ((Load(addr=0x45d94f<64>, size=1, endness=Iend_LE) & 0x2<8>), 0x0<8>), CmpEQ(Load(addr=0x45ddc3<64>, size=1, endness=Iend_LE), 0x0<8>), CmpEQ((Load(addr=0x45d94f<64>, size=1, endness=Iend_LE) & 0x2<8>), 0x0<8>), CmpEQ(Load(addr=0x45dddc<64>, size=1, endness=Iend_LE), 0x0<8>), CmpEQ((Load(addr=0x45d951<64>, size=1, endness=Iend_LE) & 0x2<8>), 0x0<8>), CmpEQ(Load(addr=0x45dddb<64>, size=1, endness=Iend_LE), 0x0<8>), CmpEQ((Load(addr=0x45d951<64>, size=1, endness=Iend_LE) & 0x2<8>), 0x0<8>), CmpEQ(Load(addr=0x45ddf4<64>, size=1, endness=Iend_LE), 0x0<8>), CmpEQ((Load(addr=0x45d953<64>, size=1, endness=Iend_LE) & 0x2<8>), 0x0<8>), CmpEQ(Load(addr=0x45ddf3<64>, size=1, endness=Iend_LE), 0x0<8>), CmpEQ((Load(addr=0x45d953<64>, size=1, endness=Iend_LE) & 0x2<8>), 0x0<8>), CmpEQ(Load(addr=0x45de0c<64>, size=1, endness=Iend_LE), 0x0<8>), CmpEQ((Load(addr=0x45d955<64>, size=1, endness=Iend_LE) & 0x2<8>), 0x0<8>), CmpEQ(Load(addr=0x45de0b<64>, size=1, endness=Iend_LE), 0x0<8>), CmpEQ((Load(addr=0x45d955<64>, size=1, endness=Iend_LE) & 0x2<8>), 0x0<8>), CmpEQ(Load(addr=0x45de24<64>, size=1, endness=Iend_LE), 0x0<8>), CmpEQ((Load(addr=0x45d957<64>, size=1, endness=Iend_LE) & 0x2<8>), 0x0<8>), CmpEQ(Load(addr=0x45de23<64>, size=1, endness=Iend_LE), 0x0<8>), CmpEQ((Load(addr=0x45d957<64>, size=1, endness=Iend_LE) & 0x2<8>), 0x0<8>), CmpEQ(Load(addr=0x45de3c<64>, size=1, endness=Iend_LE), 0x0<8>), CmpEQ((Load(addr=0x45d959<64>, size=1, endness=Iend_LE) & 0x2<8>), 0x0<8>), CmpEQ(Load(addr=0x45de3b<64>, size=1, endness=Iend_LE), 0x0<8>), CmpEQ((Load(addr=0x45d959<64>, size=1, endness=Iend_LE) & 0x2<8>), 0x0<8>), CmpEQ(Load(addr=0x45de54<64>, size=1, endness=Iend_LE), 0x0<8>), CmpEQ((Load(addr=0x45d95b<64>, size=1, endness=Iend_LE) & 0x2<8>), 0x0<8>), CmpEQ(Load(addr=0x45de53<64>, size=1, endness=Iend_LE), 0x0<8>), CmpEQ((Load(addr=0x45d95b<64>, size=1, endness=Iend_LE) & 0x2<8>), 0x0<8>), CmpEQ(Load(addr=0x45de6c<64>, size=1, endness=Iend_LE), 0x0<8>), CmpEQ((Load(addr=0x45d95d<64>, size=1, endness=Iend_LE) & 0x2<8>), 0x0<8>), CmpEQ(Load(addr=0x45de6b<64>, size=1, endness=Iend_LE), 0x0<8>), CmpEQ((Load(addr=0x45d95d<64>, size=1, endness=Iend_LE) & 0x2<8>), 0x0<8>), CmpEQ(Load(addr=0x45de84<64>, size=1, endness=Iend_LE), 0x0<8>), CmpEQ((Load(addr=0x45d95f<64>, size=1, endness=Iend_LE) & 0x2<8>), 0x0<8>), CmpEQ(Load(addr=0x45de83<64>, size=1, endness=Iend_LE), 0x0<8>), CmpEQ((Load(addr=0x45d95f<64>, size=1, endness=Iend_LE) & 0x2<8>), 0x0<8>), CmpEQ(Load(addr=0x45de9c<64>, size=1, endness=Iend_LE), 0x0<8>), CmpEQ((Load(addr=0x45d961<64>, size=1, endness=Iend_LE) & 0x2<8>), 0x0<8>), CmpEQ(Load(addr=0x45de9b<64>, size=1, endness=Iend_LE), 0x0<8>), CmpEQ((Load(addr=0x45d961<64>, size=1, endness=Iend_LE) & 0x2<8>), 0x0<8>), CmpEQ(Load(addr=0x45deb4<64>, size=1, endness=Iend_LE), 0x0<8>), CmpEQ((Load(addr=0x45d963<64>, size=1, endness=Iend_LE) & 0x2<8>), 0x0<8>), CmpEQ(Load(addr=0x45deb3<64>, size=1, endness=Iend_LE), 0x0<8>), CmpEQ((Load(addr=0x45d963<64>, size=1, endness=Iend_LE) & 0x2<8>), 0x0<8>), CmpEQ(Load(addr=0x45decc<64>, size=1, endness=Iend_LE), 0x0<8>), CmpEQ((Load(addr=0x45d965<64>, size=1, endness=Iend_LE) & 0x2<8>), 0x0<8>), CmpEQ(Load(addr=0x45decb<64>, size=1, endness=Iend_LE), 0x0<8>), CmpEQ((Load(addr=0x45d965<64>, size=1, endness=Iend_LE) & 0x2<8>), 0x0<8>), CmpEQ(Load(addr=0x45dee4<64>, size=1, endness=Iend_LE), 0x0<8>), CmpEQ((Load(addr=0x45d967<64>, size=1, endness=Iend_LE) & 0x2<8>), 0x0<8>), CmpEQ(Load(addr=0x45dee3<64>, size=1, endness=Iend_LE), 0x0<8>), CmpEQ((Load(addr=0x45d967<64>, size=1, endness=Iend_LE) & 0x2<8>), 0x0<8>), CmpEQ(Load(addr=0x45defc<64>, size=1, endness=Iend_LE), 0x0<8>), CmpEQ((Load(addr=0x45d969<64>, size=1, endness=Iend_LE) & 0x2<8>), 0x0<8>), CmpEQ(Load(addr=0x45defb<64>, size=1, endness=Iend_LE), 0x0<8>), CmpEQ((Load(addr=0x45d969<64>, size=1, endness=Iend_LE) & 0x2<8>), 0x0<8>), CmpEQ(Load(addr=0x45df14<64>, size=1, endness=Iend_LE), 0x0<8>), CmpEQ((Load(addr=0x45d96b<64>, size=1, endness=Iend_LE) & 0x2<8>), 0x0<8>), CmpEQ(Load(addr=0x45df13<64>, size=1, endness=Iend_LE), 0x0<8>), CmpEQ((Load(addr=0x45d96b<64>, size=1, endness=Iend_LE) & 0x2<8>), 0x0<8>), CmpEQ(Load(addr=0x45df2c<64>, size=1, endness=Iend_LE), 0x0<8>), CmpEQ((Load(addr=0x45d96d<64>, size=1, endness=Iend_LE) & 0x2<8>), 0x0<8>), CmpEQ(Load(addr=0x45df2b<64>, size=1, endness=Iend_LE), 0x0<8>), CmpEQ((Load(addr=0x45d96d<64>, size=1, endness=Iend_LE) & 0x2<8>), 0x0<8>), CmpEQ(Load(addr=0x45df44<64>, size=1, endness=Iend_LE), 0x0<8>), CmpEQ((Load(addr=0x45d96f<64>, size=1, endness=Iend_LE) & 0x2<8>), 0x0<8>), CmpEQ(Load(addr=0x45df43<64>, size=1, endness=Iend_LE), 0x0<8>), CmpEQ((Load(addr=0x45d96f<64>, size=1, endness=Iend_LE) & 0x2<8>), 0x0<8>), CmpEQ(Load(addr=0x45df5c<64>, size=1, endness=Iend_LE), 0x0<8>), CmpEQ((Load(addr=0x45d971<64>, size=1, endness=Iend_LE) & 0x2<8>), 0x0<8>), CmpEQ(Load(addr=0x45df5b<64>, size=1, endness=Iend_LE), 0x0<8>), CmpEQ((Load(addr=0x45d971<64>, size=1, endness=Iend_LE) & 0x2<8>), 0x0<8>), CmpEQ(Load(addr=0x45df74<64>, size=1, endness=Iend_LE), 0x0<8>), CmpEQ((Load(addr=0x45d973<64>, size=1, endness=Iend_LE) & 0x2<8>), 0x0<8>), CmpEQ(Load(addr=0x45df73<64>, size=1, endness=Iend_LE), 0x0<8>), CmpEQ((Load(addr=0x45d973<64>, size=1, endness=Iend_LE) & 0x2<8>), 0x0<8>), CmpEQ(Load(addr=0x45df8c<64>, size=1, endness=Iend_LE), 0x0<8>), CmpEQ((Load(addr=0x45d975<64>, size=1, endness=Iend_LE) & 0x2<8>), 0x0<8>), CmpEQ(Load(addr=0x45df8b<64>, size=1, endness=Iend_LE), 0x0<8>), CmpEQ((Load(addr=0x45d975<64>, size=1, endness=Iend_LE) & 0x2<8>), 0x0<8>), CmpEQ(Load(addr=0x45dfa4<64>, size=1, endness=Iend_LE), 0x0<8>), CmpEQ((Load(addr=0x45d977<64>, size=1, endness=Iend_LE) & 0x2<8>), 0x0<8>), CmpEQ(Load(addr=0x45dfa3<64>, size=1, endness=Iend_LE), 0x0<8>), CmpEQ((Load(addr=0x45d977<64>, size=1, endness=Iend_LE) & 0x2<8>), 0x0<8>), CmpEQ(Load(addr=0x45dfbc<64>, size=1, endness=Iend_LE), 0x0<8>), CmpEQ((Load(addr=0x45d979<64>, size=1, endness=Iend_LE) & 0x2<8>), 0x0<8>), CmpEQ(Load(addr=0x45dfbb<64>, size=1, endness=Iend_LE), 0x0<8>), CmpEQ((Load(addr=0x45d979<64>, size=1, endness=Iend_LE) & 0x2<8>), 0x0<8>), CmpEQ(Load(addr=0x45dfd4<64>, size=1, endness=Iend_LE), 0x0<8>), CmpEQ((Load(addr=0x45d97b<64>, size=1, endness=Iend_LE) & 0x2<8>), 0x0<8>), CmpEQ(Load(addr=0x45dfd3<64>, size=1, endness=Iend_LE), 0x0<8>), CmpEQ((Load(addr=0x45d97b<64>, size=1, endness=Iend_LE) & 0x2<8>), 0x0<8>), CmpEQ(Load(addr=0x45dfec<64>, size=1, endness=Iend_LE), 0x0<8>), CmpEQ((Load(addr=0x45d97d<64>, size=1, endness=Iend_LE) & 0x2<8>), 0x0<8>), CmpEQ(Load(addr=0x45dfeb<64>, size=1, endness=Iend_LE), 0x0<8>), CmpEQ((Load(addr=0x45d97d<64>, size=1, endness=Iend_LE) & 0x2<8>), 0x0<8>), CmpEQ(Load(addr=0x45e004<64>, size=1, endness=Iend_LE), 0x0<8>), CmpEQ((Load(addr=0x45d97f<64>, size=1, endness=Iend_LE) & 0x2<8>), 0x0<8>), CmpEQ(Load(addr=0x45e003<64>, size=1, endness=Iend_LE), 0x0<8>), CmpEQ((Load(addr=0x45d97f<64>, size=1, endness=Iend_LE) & 0x2<8>), 0x0<8>), CmpEQ(Load(addr=0x45e01c<64>, size=1, endness=Iend_LE), 0x0<8>), CmpEQ((Load(addr=0x45d981<64>, size=1, endness=Iend_LE) & 0x2<8>), 0x0<8>), CmpEQ(Load(addr=0x45e01b<64>, size=1, endness=Iend_LE), 0x0<8>), CmpEQ((Load(addr=0x45d981<64>, size=1, endness=Iend_LE) & 0x2<8>), 0x0<8>), CmpEQ(Load(addr=0x45e034<64>, size=1, endness=Iend_LE), 0x0<8>), CmpEQ((Load(addr=0x45d983<64>, size=1, endness=Iend_LE) & 0x2<8>), 0x0<8>), CmpEQ(Load(addr=0x45e033<64>, size=1, endness=Iend_LE), 0x0<8>), CmpEQ((Load(addr=0x45d983<64>, size=1, endness=Iend_LE) & 0x2<8>), 0x0<8>), CmpEQ(Load(addr=0x45e04c<64>, size=1, endness=Iend_LE), 0x0<8>), CmpEQ((Load(addr=0x45d985<64>, size=1, endness=Iend_LE) & 0x2<8>), 0x0<8>), CmpEQ(Load(addr=0x45e04b<64>, size=1, endness=Iend_LE), 0x0<8>), CmpEQ((Load(addr=0x45d985<64>, size=1, endness=Iend_LE) & 0x2<8>), 0x0<8>), CmpEQ(Load(addr=0x45dbe1<64>, size=1, endness=Iend_LE), 0x0<8>), CmpEQ((Load(addr=0x45d987<64>, size=1, endness=Iend_LE) & 0x2<8>), 0x0<8>), CmpEQ((Load(addr=0x45d989<64>, size=1, endness=Iend_LE) & 0x2<8>), 0x0<8>), CmpEQ((Load(addr=0x45d98b<64>, size=1, endness=Iend_LE) & 0x2<8>), 0x0<8>)]
defaultdict(<class 'list'>,
            {<Global 0x45e04c:1 bytes>: [('read', 4463992)],
             <Global 0x45dfd4:1 bytes>: [('read', 4463482)],
             <Global 0x45e033:1 bytes>: [('read', 4463942)],
             <Global 0x45e034:1 bytes>: [('read', 4463890)],
             <Global 0x45dfd3:1 bytes>: [('read', 4463534)],
             <Global 0x45e003:1 bytes>: [('read', 4463738)],
             <Global 0x45dfbb:1 bytes>: [('read', 4463432)],
             <Global 0x45e01c:1 bytes>: [('read', 4463788)],
             <Global 0x45df73:1 bytes>: [('read', 4463126)],
             <Global 0x45e01b:1 bytes>: [('read', 4463840)],
             <Global 0x45dfbc:1 bytes>: [('read', 4463380)],
             <Global 0x45df74:1 bytes>: [('read', 4463074)],
             <Global 0x45df5b:1 bytes>: [('read', 4463024)],
             <Global 0x45df8c:1 bytes>: [('read', 4463176)],
             <Global 0x45e004:1 bytes>: [('read', 4463686)],
             <Global 0x45df13:1 bytes>: [('read', 4462718)],
             <Global 0x45df2c:1 bytes>: [('read', 4462768)],
             <Global 0x45defb:1 bytes>: [('read', 4462616)],
             <Global 0x45df14:1 bytes>: [('read', 4462666)],
             <Global 0x45de9b:1 bytes>: [('read', 4462208)],
             <Global 0x45dfec:1 bytes>: [('read', 4463584)],
             <Global 0x45dfeb:1 bytes>: [('read', 4463636)],
             <Global 0x45deb3:1 bytes>: [('read', 4462310)],
             <Global 0x45df2b:1 bytes>: [('read', 4462820)],
             <Global 0x45dfa4:1 bytes>: [('read', 4463278)],
             <Global 0x45defc:1 bytes>: [('read', 4462564)],
             <Global 0x45d987:1 bytes>: [('read', 4464119)],
             <Global 0x45df5c:1 bytes>: [('read', 4462972)],
             <Global 0x45de53:1 bytes>: [('read', 4461902)],
             <Global 0x45de9c:1 bytes>: [('read', 4462156)],
             <Global 0x45decc:1 bytes>: [('read', 4462360)],
             <Global 0x45df8b:1 bytes>: [('read', 4463228)],
             <Global 0x45de3b:1 bytes>: [('read', 4461800)],
             <Global 0x45df43:1 bytes>: [('read', 4462922)],
             <Global 0x45de83:1 bytes>: [('read', 4462106)],
             <Global 0x45d986:1 bytes>: [('write', 4464186)],
             <Global 0x45de23:1 bytes>: [('read', 4461698)],
             <Global 0x45decb:1 bytes>: [('read', 4462412)],
             <Global 0x45de3c:1 bytes>: [('read', 4461748)],
             <Global 0x45dbe1:1 bytes>: [('read', 4464094)],
             <Global 0x45dee3:1 bytes>: [('read', 4462514)],
             <Global 0x45d989:1 bytes>: [('read', 4464208)],
             <Global 0x45dddc:1 bytes>: [('read', 4461340)],
             <Global 0x45ddc4:1 bytes>: [('read', 4461238)],
             <Global 0x45ddf3:1 bytes>: [('read', 4461494)],
             <Global 0x45d988:1 bytes>: [('write', 4464275)],
             <Global 0x45e04b:1 bytes>: [('read', 4464044)],
             <Global 0x45df44:1 bytes>: [('read', 4462870)],
             <Global 0x45de84:1 bytes>: [('read', 4462054)],
             <Global 0x45ddc3:1 bytes>: [('read', 4461290)],
             <Global 0x45dd93:1 bytes>: [('read', 4461086)],
             <Global 0x45de6c:1 bytes>: [('read', 4461952)],
             <Global 0x45dee4:1 bytes>: [('read', 4462462)],
             <Global 0x45de0c:1 bytes>: [('read', 4461544)],
             <Global 0x45dd4b:1 bytes>: [('read', 4460780)],
             <Global 0x45dd63:1 bytes>: [('read', 4460882)],
             <Global 0x45de24:1 bytes>: [('read', 4461646)],
             <Global 0x45ddac:1 bytes>: [('read', 4461136)],
             <Global 0x45dd64:1 bytes>: [('read', 4460830)],
             <Global 0x45de0b:1 bytes>: [('read', 4461596)],
             <Global 0x45ddab:1 bytes>: [('read', 4461188)],
             <Global 0x45d98b:1 bytes>: [('read', 4464297)],
             <Global 0x45dd03:1 bytes>: [('read', 4460474)],
             <Global 0x45de6b:1 bytes>: [('read', 4462004)],
             <Global 0x45dceb:1 bytes>: [('read', 4460372)],
             <Global 0x45dd4c:1 bytes>: [('read', 4460728)],
             <Global 0x45d928:1 bytes>: [('write', 4460146),
                                         ('write', 4460198)],
             <Global 0x45dd1c:1 bytes>: [('read', 4460524)],
             <Global 0x45d926:1 bytes>: [('write', 4460350),
                                         ('write', 4460402)],
             <Global 0x45d920:1 bytes>: [('write', 4459332),
                                         ('write', 4459383)],
             <Global 0x45d927:1 bytes>: [('read', 4460341), ('read', 4460393)],
             <Global 0x45dbce:1 bytes>: [('read', 4458302), ('read', 4458341)],
             <Global 0x45d983:1 bytes>: [('read', 4458210),
                                         ('read', 4458250),
                                         ('read', 4463911),
                                         ('read', 4463963)],
             <Global 0x45dcbb:1 bytes>: [('read', 4460168)],
             <Global 0x45dbbe:1 bytes>: [('read', 4457877), ('read', 4457916)],
             <Global 0x45dc13:1 bytes>: [('read', 4459454)],
             <Global 0x45dc73:1 bytes>: [('read', 4459862)],
             <Global 0x45d932:1 bytes>: [('write', 4457101),
                                         ('write', 4457139),
                                         ('write', 4459840),
                                         ('write', 4459892)],
             <Global 0x45dd7b:1 bytes>: [('read', 4460984)],
             <Global 0x45db5e:1 bytes>: [('read', 4455127), ('read', 4455166)],
             <Global 0x45dc2b:1 bytes>: [('read', 4459556)],
             <Global 0x45dc5b:1 bytes>: [('read', 4459760)],
             <Global 0x45d985:1 bytes>: [('read', 4458691),
                                         ('read', 4458731),
                                         ('read', 4464013),
                                         ('read', 4464065)],
             <Global 0x45dcd3:1 bytes>: [('read', 4460270)],
             <Global 0x45dddb:1 bytes>: [('read', 4461392)],
             <Global 0x45dfa3:1 bytes>: [('read', 4463330)],
             <Global 0x45d97d:1 bytes>: [('read', 4456879),
                                         ('read', 4456919),
                                         ('read', 4463605),
                                         ('read', 4463657)],
             <Global 0x45d92d:1 bytes>: [('read', 4460239), ('read', 4460291)],
             <Global 0x45d98a:1 bytes>: [('write', 4464364)],
             <Global 0x45dd1b:1 bytes>: [('read', 4460576)],
             <Global 0x45deb4:1 bytes>: [('read', 4462258)],
             <Global 0x45dd94:1 bytes>: [('read', 4461034)],
             <Global 0x45d971:1 bytes>: [('read', 4454113),
                                         ('read', 4454153),
                                         ('read', 4462993),
                                         ('read', 4463045)],
             <Global 0x45d981:1 bytes>: [('read', 4457785),
                                         ('read', 4457825),
                                         ('read', 4463809),
                                         ('read', 4463861)],
             <Global 0x45d92c:1 bytes>: [('write', 4460248),
                                         ('write', 4460300)],
             <Global 0x45dd34:1 bytes>: [('read', 4460626)],
             <Global 0x45d977:1 bytes>: [('read', 4455468),
                                         ('read', 4455508),
                                         ('read', 4463299),
                                         ('read', 4463351)],
             <Global 0x45db2e:1 bytes>: [('read', 4453716), ('read', 4453755)],
             <Global 0x45d97b:1 bytes>: [('read', 4456390),
                                         ('read', 4456430),
                                         ('read', 4463503),
                                         ('read', 4463555)],
             <Global 0x45d975:1 bytes>: [('read', 4455035),
                                         ('read', 4455075),
                                         ('read', 4463197),
                                         ('read', 4463249)],
             <Global 0x45db4e:1 bytes>: [('read', 4454638), ('read', 4454677)],
             <Global 0x45de54:1 bytes>: [('read', 4461850)],
             <Global 0x45db7e:1 bytes>: [('read', 4456049), ('read', 4456088)],
             <Global 0x45d937:1 bytes>: [('read', 4460035), ('read', 4460087)],
             <Global 0x45d96f:1 bytes>: [('read', 4453624),
                                         ('read', 4453664),
                                         ('read', 4462891),
                                         ('read', 4462943)],
             <Global 0x45d933:1 bytes>: [('read', 4457092),
                                         ('read', 4457130),
                                         ('read', 4459831),
                                         ('read', 4459883)],
             <Global 0x45dbae:1 bytes>: [('read', 4457396), ('read', 4457435)],
             <Global 0x45d965:1 bytes>: [('read', 4451311),
                                         ('read', 4451351),
                                         ('read', 4462381),
                                         ('read', 4462433)],
             <Global 0x45db1e:1 bytes>: [('read', 4453283), ('read', 4453322)],
             <Global 0x45db8e:1 bytes>: [('read', 4456482), ('read', 4456521)],
             <Global 0x45dc8b:1 bytes>: [('read', 4459964)],
             <Global 0x45d921:1 bytes>: [('read', 4459323), ('read', 4459374)],
             <Global 0x45d96b:1 bytes>: [('read', 4452702),
                                         ('read', 4452742),
                                         ('read', 4462687),
                                         ('read', 4462739)],
             <Global 0x45d95f:1 bytes>: [('read', 4449956),
                                         ('read', 4449996),
                                         ('read', 4462075),
                                         ('read', 4462127)],
             <Global 0x45daee:1 bytes>: [('read', 4451892), ('read', 4451931)],
             <Global 0x45dafe:1 bytes>: [('read', 4452361), ('read', 4452400)],
             <Global 0x45d969:1 bytes>: [('read', 4452269),
                                         ('read', 4452309),
                                         ('read', 4462585),
                                         ('read', 4462637)],
             <Global 0x45d929:1 bytes>: [('read', 4460137), ('read', 4460189)],
             <Global 0x45da9e:1 bytes>: [('read', 4449559), ('read', 4449598)],
             <Global 0x45d961:1 bytes>: [('read', 4450389),
                                         ('read', 4450429),
                                         ('read', 4462177),
                                         ('read', 4462229)],
             <Global 0x45dd7c:1 bytes>: [('read', 4460932)],
             <Global 0x45d95d:1 bytes>: [('read', 4449467),
                                         ('read', 4449507),
                                         ('read', 4461973),
                                         ('read', 4462025)],
             <Global 0x45d973:1 bytes>: [('read', 4454546),
                                         ('read', 4454586),
                                         ('read', 4463095),
                                         ('read', 4463147)],
             <Global 0x45dade:1 bytes>: [('read', 4451403), ('read', 4451442)],
             <Global 0x45d953:1 bytes>: [('read', 4447028),
                                         ('read', 4447071),
                                         ('read', 4461463),
                                         ('read', 4461515)],
             <Global 0x45dace:1 bytes>: [('read', 4450970), ('read', 4451009)],
             <Global 0x45da3e:1 bytes>: [('read', 4446627), ('read', 4446672)],
             <Global 0x45dd33:1 bytes>: [('read', 4460678)],
             <Global 0x45da0e:1 bytes>: [('read', 4445111), ('read', 4445156)],
             <Global 0x45d92b:1 bytes>: [('read', 4444784),
                                         ('read', 4444825),
                                         ('read', 4449244),
                                         ('read', 4449282),
                                         ('read', 4454326),
                                         ('read', 4454364),
                                         ('read', 4457998),
                                         ('read', 4458036),
                                         ('read', 4459729),
                                         ('read', 4459781)],
             <Global 0x45da8e:1 bytes>: [('read', 4449111), ('read', 4449153)],
             <Global 0x45d92a:1 bytes>: [('write', 4444793),
                                         ('write', 4444834),
                                         ('write', 4449253),
                                         ('write', 4449291),
                                         ('write', 4454335),
                                         ('write', 4454373),
                                         ('write', 4458007),
                                         ('write', 4458045),
                                         ('write', 4459738),
                                         ('write', 4459790)],
             <Global 0x45d94d:1 bytes>: [('read', 4445535),
                                         ('read', 4445578),
                                         ('read', 4461157),
                                         ('read', 4461209)],
             <Global 0x45d96d:1 bytes>: [('read', 4453191),
                                         ('read', 4453231),
                                         ('read', 4462789),
                                         ('read', 4462841)],
             <Global 0x45d957:1 bytes>: [('read', 4448019),
                                         ('read', 4448062),
                                         ('read', 4461667),
                                         ('read', 4461719)],
             <Global 0x45da7e:1 bytes>: [('read', 4448586), ('read', 4448631)],
             <Global 0x45d949:1 bytes>: [('read', 4444544),
                                         ('read', 4444587),
                                         ('read', 4460953),
                                         ('read', 4461005)],
             <Global 0x45d934:1 bytes>: [('write', 4451100),
                                         ('write', 4451138),
                                         ('write', 4456179),
                                         ('write', 4456217),
                                         ('write', 4459942),
                                         ('write', 4459994)],
             <Global 0x45dc43:1 bytes>: [('read', 4459658)],
             <Global 0x45db6e:1 bytes>: [('read', 4455560), ('read', 4455599)],
             <Global 0x45d959:1 bytes>: [('read', 4448485),
                                         ('read', 4448528),
                                         ('read', 4461769),
                                         ('read', 4461821)],
             <Global 0x45d92e:1 bytes>: [('write', 4443779),
                                         ('write', 4443820),
                                         ('write', 4448245),
                                         ('write', 4448286),
                                         ('write', 4453393),
                                         ('write', 4453431),
                                         ('write', 4460452),
                                         ('write', 4460504)],
             <Global 0x45da5e:1 bytes>: [('read', 4447595), ('read', 4447640)],
             <Global 0x45db0e:1 bytes>: [('read', 4452794), ('read', 4452833)],
             <Global 0x45d979:1 bytes>: [('read', 4455957),
                                         ('read', 4455997),
                                         ('read', 4463401),
                                         ('read', 4463453)],
             <Global 0x45da2e:1 bytes>: [('read', 4446102), ('read', 4446147)],
             <Global 0x45d947:1 bytes>: [('read', 4444019),
                                         ('read', 4444062),
                                         ('read', 4460851),
                                         ('read', 4460903)],
             <Global 0x45d9ce:1 bytes>: [('read', 4443129), ('read', 4443174)],
             <Global 0x45d97f:1 bytes>: [('read', 4457304),
                                         ('read', 4457344),
                                         ('read', 4463707),
                                         ('read', 4463759)],
             <Global 0x45d9de:1 bytes>: [('read', 4443654), ('read', 4443699)],
             <Global 0x45da1e:1 bytes>: [('read', 4445636), ('read', 4445681)],
             <Global 0x45d951:1 bytes>: [('read', 4446526),
                                         ('read', 4446569),
                                         ('read', 4461361),
                                         ('read', 4461413)],
             <Global 0x45da4e:1 bytes>: [('read', 4447129), ('read', 4447174)],
             <Global 0x45d935:1 bytes>: [('read', 4451091),
                                         ('read', 4451129),
                                         ('read', 4456170),
                                         ('read', 4456208),
                                         ('read', 4459933),
                                         ('read', 4459985)],
             <Global 0x45daae:1 bytes>: [('read', 4450048), ('read', 4450087)],
             <Global 0x45dabe:1 bytes>: [('read', 4450481), ('read', 4450520)],
             <Global 0x45d941:1 bytes>: [('read', 4442562),
                                         ('read', 4442605),
                                         ('read', 4460545),
                                         ('read', 4460597)],
             <Global 0x45d945:1 bytes>: [('read', 4443553),
                                         ('read', 4443596),
                                         ('read', 4460749),
                                         ('read', 4460801)],
             <Global 0x45d94b:1 bytes>: [('read', 4445010),
                                         ('read', 4445053),
                                         ('read', 4461055),
                                         ('read', 4461107)],
             <Global 0x45d967:1 bytes>: [('read', 4451800),
                                         ('read', 4451840),
                                         ('read', 4462483),
                                         ('read', 4462535)],
             <Global 0x45d95b:1 bytes>: [('read', 4449010),
                                         ('read', 4449053),
                                         ('read', 4461871),
                                         ('read', 4461923)],
             <Global 0x45d931:1 bytes>: [('read', 4442779),
                                         ('read', 4442820),
                                         ('read', 4445775),
                                         ('read', 4445816),
                                         ('read', 4447245),
                                         ('read', 4447286),
                                         ('read', 4450169),
                                         ('read', 4450207),
                                         ('read', 4452462),
                                         ('read', 4452500),
                                         ('read', 4455248),
                                         ('read', 4455286),
                                         ('read', 4459627),
                                         ('read', 4459679)],
             <Global 0x45d9fe:1 bytes>: [('read', 4444645), ('read', 4444690)],
             <Global 0x45d9ae:1 bytes>: [('read', 4442161), ('read', 4442206)],
             <Global 0x45d930:1 bytes>: [('write', 4442788),
                                         ('write', 4442829),
                                         ('write', 4445784),
                                         ('write', 4445825),
                                         ('write', 4447254),
                                         ('write', 4447295),
                                         ('write', 4450178),
                                         ('write', 4450216),
                                         ('write', 4452471),
                                         ('write', 4452509),
                                         ('write', 4455257),
                                         ('write', 4455295),
                                         ('write', 4459636),
                                         ('write', 4459688)],
             <Global 0x45d925:1 bytes>: [('read', 4442254),
                                         ('read', 4442295),
                                         ('read', 4443222),
                                         ('read', 4443263),
                                         ('read', 4444213),
                                         ('read', 4444254),
                                         ('read', 4445204),
                                         ('read', 4445245),
                                         ('read', 4446195),
                                         ('read', 4446236),
                                         ('read', 4446720),
                                         ('read', 4446761),
                                         ('read', 4447688),
                                         ('read', 4447729),
                                         ('read', 4448679),
                                         ('read', 4448720),
                                         ('read', 4449640),
                                         ('read', 4449678),
                                         ('read', 4450562),
                                         ('read', 4450600),
                                         ('read', 4451484),
                                         ('read', 4451522),
                                         ('read', 4451973),
                                         ('read', 4452011),
                                         ('read', 4452875),
                                         ('read', 4452913),
                                         ('read', 4453797),
                                         ('read', 4453835),
                                         ('read', 4454719),
                                         ('read', 4454757),
                                         ('read', 4455641),
                                         ('read', 4455679),
                                         ('read', 4456563),
                                         ('read', 4456601),
                                         ('read', 4457477),
                                         ('read', 4457515),
                                         ('read', 4458383),
                                         ('read', 4458421),
                                         ('read', 4459423),
                                         ('read', 4459475)],
             <Global 0x45d963:1 bytes>: [('read', 4450878),
                                         ('read', 4450918),
                                         ('read', 4462279),
                                         ('read', 4462331)],
             <Global 0x45dbfb:1 bytes>: [('write', 4441709), ('read', 4459353)],
             <Global 0x45ddf4:1 bytes>: [('read', 4461442)],
             <Global 0x45dcd4:1 bytes>: [('write', 4441916), ('read', 4460218)],
             <Global 0x45db3e:1 bytes>: [('read', 4454205), ('read', 4454244)],
             <Global 0x45d98e:1 bytes>: [('read', 4441631), ('read', 4441673)],
             <Global 0x45da6e:1 bytes>: [('read', 4448120), ('read', 4448165)],
             <Global 0x45dca3:1 bytes>: [('read', 4460066)],
             <Global 0x45dbfc:1 bytes>: [('write', 4442109), ('read', 4459302)],
             <Global 0x45dba4:4 bytes>: [('write', 4441234), ('read', 4457239)],
             <Global 0x45dc2c:1 bytes>: [('write', 4441755),
                                         ('write', 4442849),
                                         ('write', 4443840),
                                         ('write', 4444749),
                                         ('write', 4445740),
                                         ('write', 4447315),
                                         ('write', 4448306),
                                         ('write', 4449209),
                                         ('write', 4450137),
                                         ('write', 4451059),
                                         ('write', 4452526),
                                         ('write', 4453448),
                                         ('write', 4454294),
                                         ('write', 4455216),
                                         ('write', 4456138),
                                         ('write', 4457060),
                                         ('write', 4457966),
                                         ('read', 4459504)],
             <Global 0x45dbb0:4 bytes>: [('write', 4441307),
                                         ('read', 4457674),
                                         ('read', 4457764)],
             <Global 0x45dba0:4 bytes>: [('write', 4441217),
                                         ('read', 4457193),
                                         ('read', 4457283)],
             <Global 0x45db60:4 bytes>: [('write', 4440857),
                                         ('read', 4455349),
                                         ('read', 4455447)],
             <Global 0x45d94f:1 bytes>: [('read', 4446001),
                                         ('read', 4446044),
                                         ('read', 4461259),
                                         ('read', 4461311)],
             <Global 0x45dd04:1 bytes>: [('write', 4441962),
                                         ('write', 4444365),
                                         ('write', 4445356),
                                         ('write', 4446347),
                                         ('write', 4448831),
                                         ('write', 4449780),
                                         ('write', 4450702),
                                         ('write', 4453937),
                                         ('write', 4454859),
                                         ('write', 4455781),
                                         ('read', 4460422)],
             <Global 0x45db94:4 bytes>: [('write', 4441144), ('read', 4456810)],
             <Global 0x45dbb4:4 bytes>: [('write', 4441324), ('read', 4457720)],
             <Global 0x45d92f:1 bytes>: [('read', 4443770),
                                         ('read', 4443811),
                                         ('read', 4448236),
                                         ('read', 4448277),
                                         ('read', 4453384),
                                         ('read', 4453422),
                                         ('read', 4460443),
                                         ('read', 4460495)],
             <Global 0x45db90:4 bytes>: [('write', 4441127),
                                         ('read', 4456760),
                                         ('read', 4456858)],
             <Global 0x45dcec:1 bytes>: [('write', 4441939), ('read', 4460320)],
             <Global 0x45db50:4 bytes>: [('write', 4440767),
                                         ('read', 4454916),
                                         ('read', 4455014)],
             <Global 0x45db54:4 bytes>: [('write', 4440784), ('read', 4454966)],
             <Global 0x45db40:4 bytes>: [('write', 4440677),
                                         ('read', 4454427),
                                         ('read', 4454525)],
             <Global 0x45d9be:1 bytes>: [('read', 4442663), ('read', 4442708)],
             <Global 0x45d9ee:1 bytes>: [('read', 4444120), ('read', 4444165)],
             <Global 0x45db44:4 bytes>: [('write', 4440694), ('read', 4454477)],
             <Global 0x45db74:4 bytes>: [('write', 4440964), ('read', 4455888)],
             <Global 0x45db70:4 bytes>: [('write', 4440947),
                                         ('read', 4455838),
                                         ('read', 4455936)],
             <Global 0x45db14:4 bytes>: [('write', 4440424), ('read', 4453122)],
             <Global 0x45dc44:1 bytes>: [('write', 4441778),
                                         ('write', 4443374),
                                         ('write', 4447840),
                                         ('write', 4453015),
                                         ('read', 4459606)],
             <Global 0x45daf0:4 bytes>: [('write', 4440227),
                                         ('read', 4452150),
                                         ('read', 4452248)],
             <Global 0x45db04:4 bytes>: [('write', 4440334), ('read', 4452633)],
             <Global 0x45db00:4 bytes>: [('write', 4440317),
                                         ('read', 4452583),
                                         ('read', 4452681)],
             <Global 0x45dac0:4 bytes>: [('write', 4439879),
                                         ('read', 4450759),
                                         ('read', 4450857)],
             <Global 0x45d922:1 bytes>: [('write', 4442345),
                                         ('write', 4442386),
                                         ('write', 4443313),
                                         ('write', 4443354),
                                         ('write', 4444304),
                                         ('write', 4444345),
                                         ('write', 4445295),
                                         ('write', 4445336),
                                         ('write', 4446286),
                                         ('write', 4446327),
                                         ('write', 4446811),
                                         ('write', 4446852),
                                         ('write', 4447779),
                                         ('write', 4447820),
                                         ('write', 4448770),
                                         ('write', 4448811),
                                         ('write', 4449725),
                                         ('write', 4449763),
                                         ('write', 4450647),
                                         ('write', 4450685),
                                         ('write', 4451569),
                                         ('write', 4451607),
                                         ('write', 4452058),
                                         ('write', 4452096),
                                         ('write', 4452960),
                                         ('write', 4452998),
                                         ('write', 4453882),
                                         ('write', 4453920),
                                         ('write', 4454804),
                                         ('write', 4454842),
                                         ('write', 4455726),
                                         ('write', 4455764),
                                         ('write', 4456648),
                                         ('write', 4456686),
                                         ('write', 4457562),
                                         ('write', 4457600),
                                         ('write', 4458468),
                                         ('write', 4458506),
                                         ('write', 4459534),
                                         ('write', 4459586)],
             <Global 0x45db30:4 bytes>: [('write', 4440587),
                                         ('read', 4453994),
                                         ('read', 4454092)],
             <Global 0x45daf4:4 bytes>: [('write', 4440244), ('read', 4452200)],
             <Global 0x45db84:4 bytes>: [('write', 4441054), ('read', 4456321)],
             <Global 0x45db80:4 bytes>: [('write', 4441037),
                                         ('read', 4456271),
                                         ('read', 4456369)],
             <Global 0x45dac4:4 bytes>: [('write', 4439896), ('read', 4450809)],
             <Global 0x45db20:4 bytes>: [('write', 4440497),
                                         ('read', 4453505),
                                         ('read', 4453603)],
             <Global 0x45db24:4 bytes>: [('write', 4440514), ('read', 4453555)],
             <Global 0x45dab4:4 bytes>: [('write', 4439806), ('read', 4450320)],
             <Global 0x45dbe3:1 bytes>: [('write', 4441985)],
             <Global 0x45d923:1 bytes>: [('read', 4442336),
                                         ('read', 4442377),
                                         ('read', 4443304),
                                         ('read', 4443345),
                                         ('read', 4444295),
                                         ('read', 4444336),
                                         ('read', 4445286),
                                         ('read', 4445327),
                                         ('read', 4446277),
                                         ('read', 4446318),
                                         ('read', 4446802),
                                         ('read', 4446843),
                                         ('read', 4447770),
                                         ('read', 4447811),
                                         ('read', 4448761),
                                         ('read', 4448802),
                                         ('read', 4449716),
                                         ('read', 4449754),
                                         ('read', 4450638),
                                         ('read', 4450676),
                                         ('read', 4451560),
                                         ('read', 4451598),
                                         ('read', 4452049),
                                         ('read', 4452087),
                                         ('read', 4452951),
                                         ('read', 4452989),
                                         ('read', 4453873),
                                         ('read', 4453911),
                                         ('read', 4454795),
                                         ('read', 4454833),
                                         ('read', 4455717),
                                         ('read', 4455755),
                                         ('read', 4456639),
                                         ('read', 4456677),
                                         ('read', 4457553),
                                         ('read', 4457591),
                                         ('read', 4458459),
                                         ('read', 4458497),
                                         ('read', 4459525),
                                         ('read', 4459577)],
             <Global 0x45dad4:4 bytes>: [('write', 4439986), ('read', 4451242)],
             <Global 0x45db34:4 bytes>: [('write', 4440604), ('read', 4454044)],
             <Global 0x45dc5c:1 bytes>: [('write', 4441801),
                                         ('write', 4458523),
                                         ('read', 4459708)],
             <Global 0x45dab0:4 bytes>: [('write', 4439789),
                                         ('read', 4450270),
                                         ('read', 4450368)],
             <Global 0x45dae0:4 bytes>: [('write', 4440059),
                                         ('read', 4451681),
                                         ('read', 4451779)],
             <Global 0x45daa4:4 bytes>: [('write', 4439716), ('read', 4449887)],
             <Global 0x45daa0:4 bytes>: [('write', 4439699),
                                         ('read', 4449837),
                                         ('read', 4449935)],
             <Global 0x45dbc4:4 bytes>: [('write', 4441414), ('read', 4458145)],
             <Global 0x45da70:4 bytes>: [('write', 4439429),
                                         ('read', 4448366),
                                         ('read', 4448464)],
             <Global 0x45dc14:1 bytes>: [('write', 4441732),
                                         ('write', 4442744),
                                         ('write', 4443735),
                                         ('write', 4444726),
                                         ('write', 4445717),
                                         ('write', 4447210),
                                         ('write', 4448201),
                                         ('write', 4449186),
                                         ('write', 4450117),
                                         ('write', 4451039),
                                         ('write', 4452430),
                                         ('write', 4453352),
                                         ('write', 4454274),
                                         ('write', 4455196),
                                         ('write', 4456118),
                                         ('write', 4457040),
                                         ('write', 4457946),
                                         ('read', 4459402)],
             <Global 0x45da50:4 bytes>: [('write', 4439249),
                                         ('read', 4447375),
                                         ('read', 4447473)],
             <Global 0x45da64:4 bytes>: [('write', 4439356), ('read', 4447950)],
             <Global 0x45da90:4 bytes>: [('write', 4439609),
                                         ('read', 4449348),
                                         ('read', 4449446)],
             <Global 0x45da60:4 bytes>: [('write', 4439339),
                                         ('read', 4447900),
                                         ('read', 4447998)],
             <Global 0x45dbc0:4 bytes>: [('write', 4441397),
                                         ('read', 4458099),
                                         ('read', 4458189)],
             <Global 0x45dae4:4 bytes>: [('write', 4440076), ('read', 4451731)],
             <Global 0x45da54:4 bytes>: [('write', 4439266), ('read', 4447425)],
             <Global 0x45da94:4 bytes>: [('write', 4439626), ('read', 4449398)],
             <Global 0x45da44:4 bytes>: [('write', 4439176), ('read', 4446959)],
             <Global 0x45dc74:1 bytes>: [('write', 4441824),
                                         ('write', 4457617),
                                         ('read', 4459810)],
             <Global 0x45da20:4 bytes>: [('write', 4438901),
                                         ('read', 4445882),
                                         ('read', 4445980)],
             <Global 0x45da24:4 bytes>: [('write', 4438918), ('read', 4445932)],
             <Global 0x45dbd4:4 bytes>: [('write', 4441504), ('read', 4458626)],
             <Global 0x45db10:4 bytes>: [('write', 4440407),
                                         ('read', 4453072),
                                         ('read', 4453170)],
             <Global 0x45da34:4 bytes>: [('write', 4439008), ('read', 4446457)],
             <Global 0x45dc8c:1 bytes>: [('write', 4441847),
                                         ('write', 4451624),
                                         ('write', 4456703),
                                         ('read', 4459912)],
             <Global 0x45d9b4:4 bytes>: [('write', 4438288), ('read', 4442493)],
             <Global 0x45da84:4 bytes>: [('write', 4439536), ('read', 4448941)],
             <Global 0x45da14:4 bytes>: [('write', 4438828), ('read', 4445466)],
             <Global 0x45da10:4 bytes>: [('write', 4438811),
                                         ('read', 4445416),
                                         ('read', 4445514)],
             <Global 0x45da80:4 bytes>: [('write', 4439519),
                                         ('read', 4448891),
                                         ('read', 4448989)],
             <Global 0x45d9e4:4 bytes>: [('write', 4438558), ('read', 4443950)],
             <Global 0x45dbd0:4 bytes>: [('write', 4441487),
                                         ('read', 4458580),
                                         ('read', 4458670)],
             <Global 0x45d9e0:4 bytes>: [('write', 4438541),
                                         ('read', 4443900),
                                         ('read', 4443998)],
             <Global 0x45d99e:1 bytes>: [('read', 4442031), ('read', 4442073)],
             <Global 0x45d9d0:4 bytes>: [('write', 4438451),
                                         ('read', 4443434),
                                         ('read', 4443532)],
             <Global 0x45d9d4:4 bytes>: [('write', 4438468), ('read', 4443484)],
             <Global 0x45d9f0:4 bytes>: [('write', 4438631),
                                         ('read', 4444425),
                                         ('read', 4444523)],
             <Global 0x45da40:4 bytes>: [('write', 4439159),
                                         ('read', 4446909),
                                         ('read', 4447007)],
             <Global 0x45d9c0:4 bytes>: [('write', 4438361),
                                         ('read', 4442909),
                                         ('read', 4443007)],
             <Global 0x45d9c4:4 bytes>: [('write', 4438378), ('read', 4442959)],
             <Global 0x45dad0:4 bytes>: [('write', 4439969),
                                         ('read', 4451192),
                                         ('read', 4451290)],
             <Global 0x45da74:4 bytes>: [('write', 4439446), ('read', 4448416)],
             <Global 0x45d982:1 bytes>: [('read', 4438028),
                                         ('read', 4441440),
                                         ('write', 4458219),
                                         ('write', 4458259),
                                         ('write', 4463920),
                                         ('write', 4463972)],
             <Global 0x45db9d:1 bytes>: [('read', 4437940), ('read', 4441194)],
             <Global 0x45db9e:1 bytes>: [('read', 4456971), ('read', 4457010)],
             <Global 0x45dbbd:1 bytes>: [('read', 4438052), ('read', 4441374)],
             <Global 0x45dbad:1 bytes>: [('read', 4437996), ('read', 4441284)],
             <Global 0x45d980:1 bytes>: [('read', 4437972),
                                         ('read', 4441350),
                                         ('write', 4457794),
                                         ('write', 4457834),
                                         ('write', 4463818),
                                         ('write', 4463870)],
             <Global 0x45d994:4 bytes>: [('write', 4439089),
                                         ('write', 4440157),
                                         ('write', 4441585)],
             <Global 0x45db8d:1 bytes>: [('read', 4437884), ('read', 4441104)],
             <Global 0x45d97e:1 bytes>: [('read', 4437916),
                                         ('read', 4441260),
                                         ('write', 4457313),
                                         ('write', 4457353),
                                         ('write', 4463716),
                                         ('write', 4463768)],
             <Global 0x45d97c:1 bytes>: [('read', 4437860),
                                         ('read', 4441170),
                                         ('write', 4456888),
                                         ('write', 4456928),
                                         ('write', 4463614),
                                         ('write', 4463666)],
             <Global 0x45d97a:1 bytes>: [('read', 4437804),
                                         ('read', 4441080),
                                         ('write', 4456399),
                                         ('write', 4456439),
                                         ('write', 4463512),
                                         ('write', 4463564)],
             <Global 0x45da00:4 bytes>: [('write', 4438721),
                                         ('read', 4444891),
                                         ('read', 4444989)],
             <Global 0x45d990:4 bytes>: [('write', 4439075),
                                         ('write', 4440143),
                                         ('write', 4441571)],
             <Global 0x45d9a4:4 bytes>: [('write', 4438198)],
             <Global 0x45da04:4 bytes>: [('write', 4438738), ('read', 4444941)],
             <Global 0x45d9a0:4 bytes>: [('write', 4438181)],
             <Global 0x45db7d:1 bytes>: [('read', 4437828), ('read', 4441014)],
             <Global 0x45db64:4 bytes>: [('write', 4440874), ('read', 4455399)],
             <Global 0x45d9b0:4 bytes>: [('write', 4438271),
                                         ('read', 4442443),
                                         ('read', 4442541)],
             <Global 0x45d970:1 bytes>: [('read', 4437524),
                                         ('read', 4440630),
                                         ('write', 4454122),
                                         ('write', 4454162),
                                         ('write', 4463002),
                                         ('write', 4463054)],
             <Global 0x45db2d:1 bytes>: [('read', 4437548), ('read', 4440564)],
             <Global 0x45dca4:1 bytes>: [('write', 4441870), ('read', 4460014)],
             <Global 0x45d924:1 bytes>: [('write', 4442263),
                                         ('write', 4442304),
                                         ('write', 4443231),
                                         ('write', 4443272),
                                         ('write', 4444222),
                                         ('write', 4444263),
                                         ('write', 4445213),
                                         ('write', 4445254),
                                         ('write', 4446204),
                                         ('write', 4446245),
                                         ('write', 4446729),
                                         ('write', 4446770),
                                         ('write', 4447697),
                                         ('write', 4447738),
                                         ('write', 4448688),
                                         ('write', 4448729),
                                         ('write', 4449649),
                                         ('write', 4449687),
                                         ('write', 4450571),
                                         ('write', 4450609),
                                         ('write', 4451493),
                                         ('write', 4451531),
                                         ('write', 4451982),
                                         ('write', 4452020),
                                         ('write', 4452884),
                                         ('write', 4452922),
                                         ('write', 4453806),
                                         ('write', 4453844),
                                         ('write', 4454728),
                                         ('write', 4454766),
                                         ('write', 4455650),
                                         ('write', 4455688),
                                         ('write', 4456572),
                                         ('write', 4456610),
                                         ('write', 4457486),
                                         ('write', 4457524),
                                         ('write', 4458392),
                                         ('write', 4458430),
                                         ('write', 4459432),
                                         ('write', 4459484)],
             <Global 0x45d96e:1 bytes>: [('read', 4437468),
                                         ('read', 4440540),
                                         ('write', 4453633),
                                         ('write', 4453673),
                                         ('write', 4462900),
                                         ('write', 4462952)],
             <Global 0x45d976:1 bytes>: [('read', 4437692),
                                         ('read', 4440900),
                                         ('write', 4455477),
                                         ('write', 4455517),
                                         ('write', 4463308),
                                         ('write', 4463360)],
             <Global 0x45db1d:1 bytes>: [('read', 4437492), ('read', 4440474)],
             <Global 0x45d9f4:4 bytes>: [('write', 4438648), ('read', 4444475)],
             <Global 0x45d96c:1 bytes>: [('read', 4437412),
                                         ('read', 4440450),
                                         ('write', 4453200),
                                         ('write', 4453240),
                                         ('write', 4462798),
                                         ('write', 4462850)],
             <Global 0x45db0d:1 bytes>: [('read', 4437436), ('read', 4440384)],
             <Global 0x45db5d:1 bytes>: [('read', 4437716), ('read', 4440834)],
             <Global 0x45d96a:1 bytes>: [('read', 4437356),
                                         ('read', 4440360),
                                         ('write', 4452711),
                                         ('write', 4452751),
                                         ('write', 4462696),
                                         ('write', 4462748)],
             <Global 0x45dafd:1 bytes>: [('read', 4437380), ('read', 4440294)],
             <Global 0x45daed:1 bytes>: [('read', 4437324), ('read', 4440204)],
             <Global 0x45db6d:1 bytes>: [('read', 4437772), ('read', 4440924)],
             <Global 0x45d943:1 bytes>: [('read', 4443028),
                                         ('read', 4443071),
                                         ('read', 4460647),
                                         ('read', 4460699)],
             <Global 0x45d960:1 bytes>: [('read', 4437026),
                                         ('read', 4439832),
                                         ('write', 4450398),
                                         ('write', 4450438),
                                         ('write', 4462186),
                                         ('write', 4462238)],
             <Global 0x45d968:1 bytes>: [('read', 4437300),
                                         ('read', 4440270),
                                         ('write', 4452278),
                                         ('write', 4452318),
                                         ('write', 4462594),
                                         ('write', 4462646)],
             <Global 0x45d962:1 bytes>: [('read', 4437082),
                                         ('read', 4439922),
                                         ('write', 4450887),
                                         ('write', 4450927),
                                         ('write', 4462288),
                                         ('write', 4462340)],
             <Global 0x45d978:1 bytes>: [('read', 4437748),
                                         ('read', 4440990),
                                         ('write', 4455966),
                                         ('write', 4456006),
                                         ('write', 4463410),
                                         ('write', 4463462)],
             <Global 0x45da7d:1 bytes>: [('read', 4436882), ('read', 4439496)],
             <Global 0x45dcbc:1 bytes>: [('write', 4441893), ('read', 4460116)],
             <Global 0x45da9d:1 bytes>: [('read', 4436994), ('read', 4439676)],
             <Global 0x45da8d:1 bytes>: [('read', 4436938), ('read', 4439586)],
             <Global 0x45daad:1 bytes>: [('read', 4437050), ('read', 4439766)],
             <Global 0x45dabd:1 bytes>: [('read', 4437106), ('read', 4439856)],
             <Global 0x45db4d:1 bytes>: [('read', 4437660), ('read', 4440744)],
             <Global 0x45d95e:1 bytes>: [('read', 4436970),
                                         ('read', 4439742),
                                         ('write', 4449965),
                                         ('write', 4450005),
                                         ('write', 4462084),
                                         ('write', 4462136)],
             <Global 0x45d974:1 bytes>: [('read', 4437636),
                                         ('read', 4440810),
                                         ('write', 4455044),
                                         ('write', 4455084),
                                         ('write', 4463206),
                                         ('write', 4463258)],
             <Global 0x45dacd:1 bytes>: [('read', 4437162), ('read', 4439946)],
             <Global 0x45d95c:1 bytes>: [('read', 4436914),
                                         ('read', 4439652),
                                         ('write', 4449476),
                                         ('write', 4449516),
                                         ('write', 4461982),
                                         ('write', 4462034)],
             <Global 0x45da30:4 bytes>: [('write', 4438991),
                                         ('read', 4446407),
                                         ('read', 4446505)],
             <Global 0x45d95a:1 bytes>: [('read', 4436858),
                                         ('read', 4439562),
                                         ('write', 4449019),
                                         ('write', 4449062),
                                         ('write', 4461880),
                                         ('write', 4461932)],
             <Global 0x45d964:1 bytes>: [('read', 4437138),
                                         ('read', 4440012),
                                         ('write', 4451320),
                                         ('write', 4451360),
                                         ('write', 4462390),
                                         ('write', 4462442)],
             <Global 0x45d9ad:1 bytes>: [('read', 4436104), ('read', 4438248)],
             <Global 0x45d9fd:1 bytes>: [('read', 4436384), ('read', 4438698)],
             <Global 0x45d94a:1 bytes>: [('read', 4436360),
                                         ('read', 4438764),
                                         ('write', 4445019),
                                         ('write', 4445062),
                                         ('write', 4461064),
                                         ('write', 4461116)],
             <Global 0x45da6d:1 bytes>: [('read', 4436826), ('read', 4439406)],
             <Global 0x45d93c:1 bytes>: [('read', 4436584), ('read', 4439112)],
             <Global 0x45d940:1 bytes>: [('read', 4436080),
                                         ('read', 4438314),
                                         ('write', 4442571),
                                         ('write', 4442614),
                                         ('write', 4460554),
                                         ('write', 4460606)],
             <Global 0x45d99d:1 bytes>: [('read', 4436051),
                                         ('read', 4436605),
                                         ('read', 4437271),
                                         ('read', 4438161)],
             <Global 0x45d966:1 bytes>: [('read', 4437194),
                                         ('read', 4440102),
                                         ('write', 4451809),
                                         ('write', 4451849),
                                         ('write', 4462492),
                                         ('write', 4462544)],
             <Global 0x45d938:1 bytes>: [('read', 4436030),
                                         ('read', 4436584),
                                         ('read', 4437250),
                                         ('read', 4438224),
                                         ('read', 4439112),
                                         ('read', 4440180)],
             <Global 0x45d93a:1 bytes>: [('read', 4436030), ('read', 4438224)],
             <Global 0x45d958:1 bytes>: [('read', 4436802),
                                         ('read', 4439472),
                                         ('write', 4448494),
                                         ('write', 4448537),
                                         ('write', 4461778),
                                         ('write', 4461830)],
             <Global 0x45dbcd:1 bytes>: [('read', 4438108), ('read', 4441464)],
             <Global 0x45d98d:1 bytes>: [('read', 4436001),
                                         ('read', 4439055),
                                         ('read', 4440123),
                                         ('read', 4441551)],
             <Global 0x45d936:1 bytes>: [('read', 4435980),
                                         ('read', 4438140),
                                         ('write', 4460044),
                                         ('write', 4460096)],
             <Global 0x45d94c:1 bytes>: [('read', 4436416),
                                         ('read', 4438854),
                                         ('write', 4445544),
                                         ('write', 4445587),
                                         ('write', 4461166),
                                         ('write', 4461218)],
             <Global 0x45da0d:1 bytes>: [('read', 4436440), ('read', 4438788)],
             <Global 0x45e0fb:1 bytes>: [('read', 4435588), ('read', 4435659)],
             <Global 0x45d950:1 bytes>: [('read', 4436528),
                                         ('read', 4439034),
                                         ('write', 4446535),
                                         ('write', 4446578),
                                         ('write', 4461370),
                                         ('write', 4461422)],
             <Global 0x45dadd:1 bytes>: [('read', 4437218), ('read', 4440036)],
             <Global 0x45e0ac:1 bytes>: [('write', 4435542),
                                         ('write', 4435716)],
             <Global 0x45db9c:1 bytes>: [('read', 4435016),
                                         ('write', 4437949),
                                         ('write', 4441203),
                                         ('read', 4456953),
                                         ('read', 4456992),
                                         ('read', 4457031),
                                         ('read', 4457051),
                                         ('read', 4457071),
                                         ('read', 4457147)],
             <Global 0x45da2d:1 bytes>: [('read', 4436552), ('read', 4438968)],
             <Global 0x45e0ad:1 bytes>: [('read', 4435522), ('read', 4435707)],
             <Global 0x45e0f8:1 bytes>: [('write', 4435374),
                                         ('write', 4435438)],
             <Global 0x45dbcc:1 bytes>: [('read', 4435739),
                                         ('write', 4438117),
                                         ('write', 4441473),
                                         ('read', 4458284),
                                         ('read', 4458323),
                                         ('read', 4458362),
                                         ('read', 4458438),
                                         ('read', 4458514),
                                         ('read', 4458534)],
             <Global 0x45e0aa:1 bytes>: [('write', 4435301),
                                         ('write', 4435475)],
             <Global 0x45d94e:1 bytes>: [('read', 4436472),
                                         ('read', 4438944),
                                         ('write', 4446010),
                                         ('write', 4446053),
                                         ('write', 4461268),
                                         ('write', 4461320)],
             <Global 0x45da5d:1 bytes>: [('read', 4436770), ('read', 4439316)],
             <Global 0x45dbbc:1 bytes>: [('read', 4435498),
                                         ('write', 4438061),
                                         ('write', 4441383),
                                         ('read', 4457859),
                                         ('read', 4457898),
                                         ('read', 4457937),
                                         ('read', 4457957),
                                         ('read', 4457977),
                                         ('read', 4458053)],
             <Global 0x45e0af:1 bytes>: [('read', 4435763), ('read', 4435948)],
             <Global 0x45e0f9:1 bytes>: [('read', 4435347), ('read', 4435418)],
             <Global 0x45d956:1 bytes>: [('read', 4436746),
                                         ('read', 4439382),
                                         ('write', 4448028),
                                         ('write', 4448071),
                                         ('write', 4461676),
                                         ('write', 4461728)],
             <Global 0x45da1d:1 bytes>: [('read', 4436496), ('read', 4438878)],
             <Global 0x45e0ae:1 bytes>: [('write', 4435783),
                                         ('write', 4435957)],
             <Global 0x45d955:1 bytes>: [('read', 4447494),
                                         ('read', 4447537),
                                         ('read', 4461565),
                                         ('read', 4461617)],
             <Global 0x45e0fc:1 bytes>: [('write', 4435856),
                                         ('write', 4435920)],
             <Global 0x45e0f4:1 bytes>: [('write', 4434892),
                                         ('write', 4434956)],
             <Global 0x45e0f5:1 bytes>: [('read', 4434865), ('read', 4434936)],
             <Global 0x45dbac:1 bytes>: [('read', 4435257),
                                         ('write', 4438005),
                                         ('write', 4441293),
                                         ('read', 4457378),
                                         ('read', 4457417),
                                         ('read', 4457456),
                                         ('read', 4457532),
                                         ('read', 4457608),
                                         ('read', 4457628)],
             <Global 0x45e0ab:1 bytes>: [('read', 4435281), ('read', 4435466)],
             <Global 0x45db8c:1 bytes>: [('read', 4434775),
                                         ('write', 4437893),
                                         ('write', 4441113),
                                         ('read', 4456464),
                                         ('read', 4456503),
                                         ('read', 4456542),
                                         ('read', 4456618),
                                         ('read', 4456694),
                                         ('read', 4456714)],
             <Global 0x45e0a6:1 bytes>: [('write', 4434819),
                                         ('write', 4434993)],
             <Global 0x45db3d:1 bytes>: [('read', 4437604), ('read', 4440654)],
             <Global 0x45e0a7:1 bytes>: [('read', 4434799), ('read', 4434984)],
             <Global 0x45e0fd:1 bytes>: [('read', 4435829), ('read', 4435900)],
             <Global 0x45e0f6:1 bytes>: [('write', 4435133),
                                         ('write', 4435197)],
             <Global 0x45d942:1 bytes>: [('read', 4436136),
                                         ('read', 4438404),
                                         ('write', 4443037),
                                         ('write', 4443080),
                                         ('write', 4460656),
                                         ('write', 4460708)],
             <Global 0x45db6c:1 bytes>: [('read', 4434293),
                                         ('write', 4437781),
                                         ('write', 4440933),
                                         ('read', 4455542),
                                         ('read', 4455581),
                                         ('read', 4455620),
                                         ('read', 4455696),
                                         ('read', 4455772),
                                         ('read', 4455792)],
             <Global 0x45e0a5:1 bytes>: [('read', 4434558), ('read', 4434743)],
             <Global 0x45e0f1:1 bytes>: [('read', 4434383), ('read', 4434454)],
             <Global 0x45e0a3:1 bytes>: [('read', 4434317), ('read', 4434502)],
             <Global 0x45e0a2:1 bytes>: [('write', 4434337),
                                         ('write', 4434511)],
             <Global 0x45db7c:1 bytes>: [('read', 4434534),
                                         ('write', 4437837),
                                         ('write', 4441023),
                                         ('read', 4456031),
                                         ('read', 4456070),
                                         ('read', 4456109),
                                         ('read', 4456129),
                                         ('read', 4456149),
                                         ('read', 4456225)],
             <Global 0x45e0ef:1 bytes>: [('read', 4434142), ('read', 4434213)],
             <Global 0x45e0f7:1 bytes>: [('read', 4435106), ('read', 4435177)],
             <Global 0x45e0ee:1 bytes>: [('write', 4434169),
                                         ('write', 4434233)],
             <Global 0x45e0fa:1 bytes>: [('write', 4435615),
                                         ('write', 4435679)],
             <Global 0x45d9bc:1 bytes>: [('read', 4427310),
                                         ('write', 4436169),
                                         ('write', 4438347),
                                         ('read', 4442645),
                                         ('read', 4442690),
                                         ('read', 4442735),
                                         ('read', 4442758),
                                         ('read', 4442840),
                                         ('read', 4442863)],
             <Global 0x44a308:1 bytes>: [('read', 4424701),
                                         ('read', 4426652),
                                         ('read', 4426727),
                                         ('read', 4426890),
                                         ('read', 4426965),
                                         ('read', 4427131),
                                         ('read', 4427206),
                                         ('read', 4427372),
                                         ('read', 4427447),
                                         ('read', 4427613),
                                         ('read', 4427688),
                                         ('read', 4427854),
                                         ('read', 4427929),
                                         ('read', 4428095),
                                         ('read', 4428170),
                                         ('read', 4428336),
                                         ('read', 4428411),
                                         ('read', 4428577),
                                         ('read', 4428652),
                                         ('read', 4428818),
                                         ('read', 4428893),
                                         ('read', 4429059),
                                         ('read', 4429134),
                                         ('read', 4429297),
                                         ('read', 4429372),
                                         ('read', 4429538),
                                         ('read', 4429613),
                                         ('read', 4429779),
                                         ('read', 4429854),
                                         ('read', 4430020),
                                         ('read', 4430095),
                                         ('read', 4430261),
                                         ('read', 4430336),
                                         ('read', 4430502),
                                         ('read', 4430577),
                                         ('read', 4430743),
                                         ('read', 4430818),
                                         ('read', 4430984),
                                         ('read', 4431059),
                                         ('read', 4431225),
                                         ('read', 4431300),
                                         ('read', 4431466),
                                         ('read', 4431541),
                                         ('read', 4431707),
                                         ('read', 4431782),
                                         ('read', 4431948),
                                         ('read', 4432023),
                                         ('read', 4432186),
                                         ('read', 4432261),
                                         ('read', 4432427),
                                         ('read', 4432502),
                                         ('read', 4432668),
                                         ('read', 4432743),
                                         ('read', 4432909),
                                         ('read', 4432984),
                                         ('read', 4433150),
                                         ('read', 4433225),
                                         ('read', 4433391),
                                         ('read', 4433466),
                                         ('read', 4433632),
                                         ('read', 4433707),
                                         ('read', 4433873),
                                         ('read', 4433948),
                                         ('read', 4434114),
                                         ('read', 4434189),
                                         ('read', 4434355),
                                         ('read', 4434430),
                                         ('read', 4434596),
                                         ('read', 4434671),
                                         ('read', 4434837),
                                         ('read', 4434912),
                                         ('read', 4435078),
                                         ('read', 4435153),
                                         ('read', 4435319),
                                         ('read', 4435394),
                                         ('read', 4435560),
                                         ('read', 4435635),
                                         ('read', 4435801),
                                         ('read', 4435876)],
             <Global 0x45e100:8 bytes>: [('write', 4424682)],
             <Global 0x45e0c2:1 bytes>: [('write', 4428873),
                                         ('write', 4428937)],
             <Global 0x45e0bd:1 bytes>: [('read', 4428123), ('read', 4428194)],
             <Global 0x45e0cd:1 bytes>: [('read', 4430048), ('read', 4430119)],
             <Global 0x45d9ec:1 bytes>: [('read', 4428033),
                                         ('write', 4436337),
                                         ('write', 4438617),
                                         ('read', 4444102),
                                         ('read', 4444147),
                                         ('read', 4444192),
                                         ('read', 4444274),
                                         ('read', 4444356),
                                         ('read', 4444379)],
             <Global 0x45e06e:1 bytes>: [('write', 4428077),
                                         ('write', 4428251)],
             <Global 0x45d9fc:1 bytes>: [('read', 4428274),
                                         ('write', 4436393),
                                         ('write', 4438707),
                                         ('read', 4444627),
                                         ('read', 4444672),
                                         ('read', 4444717),
                                         ('read', 4444740),
                                         ('read', 4444763),
                                         ('read', 4444845)],
             <Global 0x45e0bc:1 bytes>: [('write', 4428150),
                                         ('write', 4428214)],
             <Global 0x45e07a:1 bytes>: [('write', 4429520),
                                         ('write', 4429694)],
             <Global 0x45e06f:1 bytes>: [('read', 4428057), ('read', 4428242)],
             <Global 0x45e0c5:1 bytes>: [('read', 4429087), ('read', 4429158)],
             <Global 0x45e076:1 bytes>: [('write', 4429041),
                                         ('write', 4429215)],
             <Global 0x45e0d0:1 bytes>: [('write', 4430557),
                                         ('write', 4430621)],
             <Global 0x45e0c4:1 bytes>: [('write', 4429114),
                                         ('write', 4429178)],
             <Global 0x45e0c6:1 bytes>: [('write', 4429352),
                                         ('write', 4429416)],
             <Global 0x45da0c:1 bytes>: [('read', 4428515),
                                         ('write', 4436449),
                                         ('write', 4438797),
                                         ('read', 4445093),
                                         ('read', 4445138),
                                         ('read', 4445183),
                                         ('read', 4445265),
                                         ('read', 4445347),
                                         ('read', 4445370)],
             <Global 0x45e073:1 bytes>: [('read', 4428539), ('read', 4428724)],
             <Global 0x45e0cc:1 bytes>: [('write', 4430075),
                                         ('write', 4430139)],
             <Global 0x45e075:1 bytes>: [('read', 4428780), ('read', 4428965)],
             <Global 0x45e07b:1 bytes>: [('read', 4429500), ('read', 4429685)],
             <Global 0x45da1c:1 bytes>: [('read', 4428756),
                                         ('write', 4436505),
                                         ('write', 4438887),
                                         ('read', 4445618),
                                         ('read', 4445663),
                                         ('read', 4445708),
                                         ('read', 4445731),
                                         ('read', 4445754),
                                         ('read', 4445836)],
             <Global 0x45da2c:1 bytes>: [('read', 4428997),
                                         ('write', 4436561),
                                         ('write', 4438977),
                                         ('read', 4446084),
                                         ('read', 4446129),
                                         ('read', 4446174),
                                         ('read', 4446256),
                                         ('read', 4446338),
                                         ('read', 4446361)],
             <Global 0x45e072:1 bytes>: [('write', 4428559),
                                         ('write', 4428733)],
             <Global 0x45e093:1 bytes>: [('read', 4432389), ('read', 4432574)],
             <Global 0x45da3c:1 bytes>: [('read', 4429476),
                                         ('write', 4436667),
                                         ('write', 4439145),
                                         ('read', 4446609),
                                         ('read', 4446654),
                                         ('read', 4446699),
                                         ('read', 4446781),
                                         ('read', 4446863)],
             <Global 0x45e0c1:1 bytes>: [('read', 4428605), ('read', 4428676)],
             <Global 0x45e077:1 bytes>: [('read', 4429021), ('read', 4429206)],
             <Global 0x45da8c:1 bytes>: [('read', 4430681),
                                         ('write', 4436947),
                                         ('write', 4439595),
                                         ('read', 4449093),
                                         ('read', 4449135),
                                         ('read', 4449177),
                                         ('read', 4449200),
                                         ('read', 4449223),
                                         ('read', 4449302)],
             <Global 0x45da6c:1 bytes>: [('read', 4430199),
                                         ('write', 4436835),
                                         ('write', 4439415),
                                         ('read', 4448102),
                                         ('read', 4448147),
                                         ('read', 4448192),
                                         ('read', 4448215),
                                         ('read', 4448297),
                                         ('read', 4448320)],
             <Global 0x45e0c0:1 bytes>: [('write', 4428632),
                                         ('write', 4428696)],
             <Global 0x45e0a9:1 bytes>: [('read', 4435040), ('read', 4435225)],
             <Global 0x45e09c:1 bytes>: [('write', 4433614),
                                         ('write', 4433788)],
             <Global 0x45d9cd:1 bytes>: [('read', 4436216), ('read', 4438428)],
             <Global 0x45db5c:1 bytes>: [('read', 4434052),
                                         ('write', 4437725),
                                         ('write', 4440843),
                                         ('read', 4455109),
                                         ('read', 4455148),
                                         ('read', 4455187),
                                         ('read', 4455207),
                                         ('read', 4455227),
                                         ('read', 4455303)],
             <Global 0x45d944:1 bytes>: [('read', 4436192),
                                         ('read', 4438494),
                                         ('write', 4443562),
                                         ('write', 4443605),
                                         ('write', 4460758),
                                         ('write', 4460810)],
             <Global 0x45e09d:1 bytes>: [('read', 4433594), ('read', 4433779)],
             <Global 0x45e0d4:1 bytes>: [('write', 4431039),
                                         ('write', 4431103)],
             <Global 0x45e08c:1 bytes>: [('write', 4431689),
                                         ('write', 4431863)],
             <Global 0x45e0d5:1 bytes>: [('read', 4431012), ('read', 4431083)],
             <Global 0x45e0d2:1 bytes>: [('write', 4430798),
                                         ('write', 4430862)],
             <Global 0x45daac:1 bytes>: [('read', 4431163),
                                         ('write', 4437059),
                                         ('write', 4439775),
                                         ('read', 4450030),
                                         ('read', 4450069),
                                         ('read', 4450108),
                                         ('read', 4450128),
                                         ('read', 4450148),
                                         ('read', 4450224)],
             <Global 0x45daec:1 bytes>: [('read', 4432365),
                                         ('write', 4437333),
                                         ('write', 4440213),
                                         ('read', 4451874),
                                         ('read', 4451913),
                                         ('read', 4451952),
                                         ('read', 4452028),
                                         ('read', 4452104)],
             <Global 0x45e0a8:1 bytes>: [('write', 4435060),
                                         ('write', 4435234)],
             <Global 0x45da9c:1 bytes>: [('read', 4430922),
                                         ('write', 4437003),
                                         ('write', 4439685),
                                         ('read', 4449541),
                                         ('read', 4449580),
                                         ('read', 4449619),
                                         ('read', 4449695),
                                         ('read', 4449771),
                                         ('read', 4449791)],
             <Global 0x45dadc:1 bytes>: [('read', 4431886),
                                         ('write', 4437227),
                                         ('write', 4440045),
                                         ('read', 4451385),
                                         ('read', 4451424),
                                         ('read', 4451463),
                                         ('read', 4451539),
                                         ('read', 4451615),
                                         ('read', 4451635)],
             <Global 0x45d9ed:1 bytes>: [('read', 4436328), ('read', 4438608)],
             <Global 0x45e087:1 bytes>: [('read', 4430946), ('read', 4431131)],
             <Global 0x45e086:1 bytes>: [('write', 4430966),
                                         ('write', 4431140)],
             <Global 0x45d984:1 bytes>: [('read', 4438084),
                                         ('read', 4441530),
                                         ('write', 4458700),
                                         ('write', 4458740),
                                         ('write', 4464022),
                                         ('write', 4464074)],
             <Global 0x45da3d:1 bytes>: [('read', 4436658), ('read', 4439136)],
             <Global 0x45e083:1 bytes>: [('read', 4430464), ('read', 4430649)],
             <Global 0x45e089:1 bytes>: [('read', 4431187), ('read', 4431372)],
             <Global 0x45d948:1 bytes>: [('read', 4436304),
                                         ('read', 4438674),
                                         ('write', 4444553),
                                         ('write', 4444596),
                                         ('write', 4460962),
                                         ('write', 4461014)],
             <Global 0x45e0d3:1 bytes>: [('read', 4430771), ('read', 4430842)],
             <Global 0x45e0da:1 bytes>: [('write', 4431762),
                                         ('write', 4431826)],
             <Global 0x45e0ce:1 bytes>: [('write', 4430316),
                                         ('write', 4430380)],
             <Global 0x45e082:1 bytes>: [('write', 4430484),
                                         ('write', 4430658)],
             <Global 0x45e0cf:1 bytes>: [('read', 4430289), ('read', 4430360)],
             <Global 0x45e080:1 bytes>: [('write', 4430243),
                                         ('write', 4430417)],
             <Global 0x45e081:1 bytes>: [('read', 4430223), ('read', 4430408)],
             <Global 0x45e0d6:1 bytes>: [('write', 4431280),
                                         ('write', 4431344)],
             <Global 0x45e0d7:1 bytes>: [('read', 4431253), ('read', 4431324)],
             <Global 0x45e0d1:1 bytes>: [('read', 4430530), ('read', 4430601)],
             <Global 0x45da7c:1 bytes>: [('read', 4430440),
                                         ('write', 4436891),
                                         ('write', 4439505),
                                         ('read', 4448568),
                                         ('read', 4448613),
                                         ('read', 4448658),
                                         ('read', 4448740),
                                         ('read', 4448822),
                                         ('read', 4448845)],
             <Global 0x45e0c7:1 bytes>: [('read', 4429325), ('read', 4429396)],
             <Global 0x45d93e:1 bytes>: [('read', 4437250), ('read', 4440180)],
             <Global 0x45da5c:1 bytes>: [('read', 4429958),
                                         ('write', 4436779),
                                         ('write', 4439325),
                                         ('read', 4447577),
                                         ('read', 4447622),
                                         ('read', 4447667),
                                         ('read', 4447749),
                                         ('read', 4447831),
                                         ('read', 4447854)],
             <Global 0x45e0db:1 bytes>: [('read', 4431735), ('read', 4431806)],
             <Global 0x45e0ca:1 bytes>: [('write', 4429834),
                                         ('write', 4429898)],
             <Global 0x45e078:1 bytes>: [('write', 4429279),
                                         ('write', 4429453)],
             <Global 0x45e084:1 bytes>: [('write', 4430725),
                                         ('write', 4430899)],
             <Global 0x45e0cb:1 bytes>: [('read', 4429807), ('read', 4429878)],
             <Global 0x45e079:1 bytes>: [('read', 4429259), ('read', 4429444)],
             <Global 0x45e07c:1 bytes>: [('write', 4429761),
                                         ('write', 4429935)],
             <Global 0x45e0eb:1 bytes>: [('read', 4433660), ('read', 4433731)],
             <Global 0x45e0f2:1 bytes>: [('write', 4434651),
                                         ('write', 4434715)],
             <Global 0x45e0f0:1 bytes>: [('write', 4434410),
                                         ('write', 4434474)],
             <Global 0x45e0f3:1 bytes>: [('read', 4434624), ('read', 4434695)],
             <Global 0x45e0e7:1 bytes>: [('read', 4433178), ('read', 4433249)],
             <Global 0x45e0ec:1 bytes>: [('write', 4433928),
                                         ('write', 4433992)],
             <Global 0x45e0ea:1 bytes>: [('write', 4433687),
                                         ('write', 4433751)],
             <Global 0x45e0ed:1 bytes>: [('read', 4433901), ('read', 4433972)],
             <Global 0x45d98c:1 bytes>: [('read', 4426590),
                                         ('write', 4436010),
                                         ('write', 4439064),
                                         ('write', 4440132),
                                         ('write', 4441560),
                                         ('read', 4441616),
                                         ('read', 4441658),
                                         ('read', 4441700),
                                         ('read', 4441723),
                                         ('read', 4441746),
                                         ('read', 4441769),
                                         ('read', 4441792),
                                         ('read', 4441815),
                                         ('read', 4441838),
                                         ('read', 4441861),
                                         ('read', 4441884),
                                         ('read', 4441907),
                                         ('read', 4441930),
                                         ('read', 4441953),
                                         ('read', 4441976)],
             <Global 0x45e096:1 bytes>: [('write', 4432891),
                                         ('write', 4433065)],
             <Global 0x45e0bf:1 bytes>: [('read', 4428364), ('read', 4428435)],
             <Global 0x45e063:1 bytes>: [('read', 4426614), ('read', 4426799)],
             <Global 0x45e062:1 bytes>: [('write', 4426634),
                                         ('write', 4426808)],
             <Global 0x45e0fe:2 bytes>: [('read', 4424794)],
             <Global 0x45dbdc:2 bytes>: [('read', 4425011)],
             <Global 0x45e0b4:1 bytes>: [('write', 4427186),
                                         ('write', 4427250)],
             <Global 0x45e06d:1 bytes>: [('read', 4427816), ('read', 4428001)],
             <Global 0x45e09e:1 bytes>: [('write', 4433855),
                                         ('write', 4434029)],
             <Global 0x45d954:1 bytes>: [('read', 4436690),
                                         ('read', 4439292),
                                         ('write', 4447503),
                                         ('write', 4447546),
                                         ('write', 4461574),
                                         ('write', 4461626)],
             <Global 0x45d9bd:1 bytes>: [('read', 4436160), ('read', 4438338)],
             <Global 0x45db4c:1 bytes>: [('read', 4433811),
                                         ('write', 4437669),
                                         ('write', 4440753),
                                         ('read', 4454620),
                                         ('read', 4454659),
                                         ('read', 4454698),
                                         ('read', 4454774),
                                         ('read', 4454850),
                                         ('read', 4454870)],
             <Global 0x45da4d:1 bytes>: [('read', 4436714), ('read', 4439226)],
             <Global 0x45e09f:1 bytes>: [('read', 4433835), ('read', 4434020)],
             <Global 0x45e06c:1 bytes>: [('write', 4427836),
                                         ('write', 4428010)],
             <Global 0x45e060:2 bytes>: [('read', 4426571), ('read', 4459280)],
             <Global 0x45e07e:1 bytes>: [('write', 4430002),
                                         ('write', 4430176)],
             <Global 0x45d99c:1 bytes>: [('read', 4426828),
                                         ('read', 4429235),
                                         ('read', 4432124),
                                         ('write', 4436060),
                                         ('write', 4436614),
                                         ('write', 4437280),
                                         ('write', 4438170),
                                         ('read', 4442016),
                                         ('read', 4442058),
                                         ('read', 4442100)],
             <Global 0x45e0b1:1 bytes>: [('read', 4426680), ('read', 4426751)],
             <Global 0x45e0b5:1 bytes>: [('read', 4427159), ('read', 4427230)],
             <Global 0x45e066:1 bytes>: [('write', 4427113),
                                         ('write', 4427287)],
             <Global 0x45e0b0:1 bytes>: [('write', 4426707),
                                         ('write', 4426771)],
             <Global 0x45da4c:1 bytes>: [('read', 4429717),
                                         ('write', 4436723),
                                         ('write', 4439235),
                                         ('read', 4447111),
                                         ('read', 4447156),
                                         ('read', 4447201),
                                         ('read', 4447224),
                                         ('read', 4447306),
                                         ('read', 4447329)],
             <Global 0x45e06a:1 bytes>: [('write', 4427595),
                                         ('write', 4427769)],
             <Global 0x45e06b:1 bytes>: [('read', 4427575), ('read', 4427760)],
             <Global 0x45e071:1 bytes>: [('read', 4428298), ('read', 4428483)],
             <Global 0x45e0bb:1 bytes>: [('read', 4427882), ('read', 4427953)],
             <Global 0x45e0ba:1 bytes>: [('write', 4427909),
                                         ('write', 4427973)],
             <Global 0x45e0c3:1 bytes>: [('read', 4428846), ('read', 4428917)],
             <Global 0x45e0c9:1 bytes>: [('read', 4429566), ('read', 4429637)],
             <Global 0x45e068:1 bytes>: [('write', 4427354),
                                         ('write', 4427528)],
             <Global 0x45e0b6:1 bytes>: [('write', 4427427),
                                         ('write', 4427491)],
             <Global 0x45e069:1 bytes>: [('read', 4427334), ('read', 4427519)],
             <Global 0x45d9dc:1 bytes>: [('read', 4427792),
                                         ('write', 4436281),
                                         ('write', 4438527),
                                         ('read', 4443636),
                                         ('read', 4443681),
                                         ('read', 4443726),
                                         ('read', 4443749),
                                         ('read', 4443831),
                                         ('read', 4443854)],
             <Global 0x45e0c8:1 bytes>: [('write', 4429593),
                                         ('write', 4429657)],
             <Global 0x45e0b7:1 bytes>: [('read', 4427400), ('read', 4427471)],
             <Global 0x45e0be:1 bytes>: [('write', 4428391),
                                         ('write', 4428455)],
             <Global 0x45e088:1 bytes>: [('write', 4431207),
                                         ('write', 4431381)],
             <Global 0x45e074:1 bytes>: [('write', 4428800),
                                         ('write', 4428974)],
             <Global 0x45e0b9:1 bytes>: [('read', 4427641), ('read', 4427712)],
             <Global 0x45d9cc:1 bytes>: [('read', 4427551),
                                         ('write', 4436225),
                                         ('write', 4438437),
                                         ('read', 4443111),
                                         ('read', 4443156),
                                         ('read', 4443201),
                                         ('read', 4443283),
                                         ('read', 4443365),
                                         ('read', 4443388)],
             <Global 0x45e0b8:1 bytes>: [('write', 4427668),
                                         ('write', 4427732)],
             <Global 0x45e0b3:1 bytes>: [('read', 4426918), ('read', 4426989)],
             <Global 0x45e064:1 bytes>: [('write', 4426872),
                                         ('write', 4427046)],
             <Global 0x45e085:1 bytes>: [('read', 4430705), ('read', 4430890)],
             <Global 0x45d9ac:1 bytes>: [('read', 4427069),
                                         ('write', 4436113),
                                         ('write', 4438257),
                                         ('read', 4442143),
                                         ('read', 4442188),
                                         ('read', 4442233),
                                         ('read', 4442315),
                                         ('read', 4442397)],
             <Global 0x45e070:1 bytes>: [('write', 4428318),
                                         ('write', 4428492)],
             <Global 0x45e067:1 bytes>: [('read', 4427093), ('read', 4427278)],
             <Global 0x45e07f:1 bytes>: [('read', 4429982), ('read', 4430167)],
             <Global 0x45e07d:1 bytes>: [('read', 4429741), ('read', 4429926)],
             <Global 0x45e065:1 bytes>: [('read', 4426852), ('read', 4427037)],
             <Global 0x45e0b2:1 bytes>: [('write', 4426945),
                                         ('write', 4427009)],
             <Global 0x45e0e6:1 bytes>: [('write', 4433205),
                                         ('write', 4433269)],
             <Global 0x45e0d9:1 bytes>: [('read', 4431494), ('read', 4431565)],
             <Global 0x45e0d8:1 bytes>: [('write', 4431521),
                                         ('write', 4431585)],
             <Global 0x45e08a:1 bytes>: [('write', 4431448),
                                         ('write', 4431622)],
             <Global 0x45e08d:1 bytes>: [('read', 4431669), ('read', 4431854)],
             <Global 0x45e092:1 bytes>: [('write', 4432409),
                                         ('write', 4432583)],
             <Global 0x45dacc:1 bytes>: [('read', 4431645),
                                         ('write', 4437171),
                                         ('write', 4439955),
                                         ('read', 4450952),
                                         ('read', 4450991),
                                         ('read', 4451030),
                                         ('read', 4451050),
                                         ('read', 4451070),
                                         ('read', 4451146)],
             <Global 0x45e0e5:1 bytes>: [('read', 4432937), ('read', 4433008)],
             <Global 0x45e08f:1 bytes>: [('read', 4431910), ('read', 4432095)],
             <Global 0x45e0e9:1 bytes>: [('read', 4433419), ('read', 4433490)],
             <Global 0x45dabc:1 bytes>: [('read', 4431404),
                                         ('write', 4437115),
                                         ('write', 4439865),
                                         ('read', 4450463),
                                         ('read', 4450502),
                                         ('read', 4450541),
                                         ('read', 4450617),
                                         ('read', 4450693),
                                         ('read', 4450713)],
             <Global 0x45e08b:1 bytes>: [('read', 4431428), ('read', 4431613)],
             <Global 0x45d946:1 bytes>: [('read', 4436248),
                                         ('read', 4438584),
                                         ('write', 4444028),
                                         ('write', 4444071),
                                         ('write', 4460860),
                                         ('write', 4460912)],
             <Global 0x45d9dd:1 bytes>: [('read', 4436272), ('read', 4438518)],
             <Global 0x45e0a0:1 bytes>: [('write', 4434096),
                                         ('write', 4434270)],
             <Global 0x45d952:1 bytes>: [('read', 4436634),
                                         ('read', 4439202),
                                         ('write', 4447037),
                                         ('write', 4447080),
                                         ('write', 4461472),
                                         ('write', 4461524)],
             <Global 0x45e0a1:1 bytes>: [('read', 4434076), ('read', 4434261)],
             <Global 0x45e0e0:1 bytes>: [('write', 4432482),
                                         ('write', 4432546)],
             <Global 0x45e0e1:1 bytes>: [('read', 4432455), ('read', 4432526)],
             <Global 0x45e097:1 bytes>: [('read', 4432871), ('read', 4433056)],
             <Global 0x45e091:1 bytes>: [('read', 4432148), ('read', 4432333)],
             <Global 0x45e090:1 bytes>: [('write', 4432168),
                                         ('write', 4432342)],
             <Global 0x45e0e8:1 bytes>: [('write', 4433446),
                                         ('write', 4433510)],
             <Global 0x45e0dd:1 bytes>: [('read', 4431976), ('read', 4432047)],
             <Global 0x45e08e:1 bytes>: [('write', 4431930),
                                         ('write', 4432104)],
             <Global 0x45e0df:1 bytes>: [('read', 4432214), ('read', 4432285)],
             <Global 0x45e0dc:1 bytes>: [('write', 4432003),
                                         ('write', 4432067)],
             <Global 0x45e0de:1 bytes>: [('write', 4432241),
                                         ('write', 4432305)],
             <Global 0x45e0e4:1 bytes>: [('write', 4432964),
                                         ('write', 4433028)],
             <Global 0x45e095:1 bytes>: [('read', 4432630), ('read', 4432815)],
             <Global 0x45dafc:1 bytes>: [('read', 4432606),
                                         ('write', 4437389),
                                         ('write', 4440303),
                                         ('read', 4452343),
                                         ('read', 4452382),
                                         ('read', 4452421),
                                         ('read', 4452441),
                                         ('read', 4452517),
                                         ('read', 4452537)],
             <Global 0x45db3c:1 bytes>: [('read', 4433570),
                                         ('write', 4437613),
                                         ('write', 4440663),
                                         ('read', 4454187),
                                         ('read', 4454226),
                                         ('read', 4454265),
                                         ('read', 4454285),
                                         ('read', 4454305),
                                         ('read', 4454381)],
             <Global 0x45db0c:1 bytes>: [('read', 4432847),
                                         ('write', 4437445),
                                         ('write', 4440393),
                                         ('read', 4452776),
                                         ('read', 4452815),
                                         ('read', 4452854),
                                         ('read', 4452930),
                                         ('read', 4453006),
                                         ('read', 4453026)],
             <Global 0x45db2c:1 bytes>: [('read', 4433329),
                                         ('write', 4437557),
                                         ('write', 4440573),
                                         ('read', 4453698),
                                         ('read', 4453737),
                                         ('read', 4453776),
                                         ('read', 4453852),
                                         ('read', 4453928),
                                         ('read', 4453948)],
             <Global 0x45e099:1 bytes>: [('read', 4433112), ('read', 4433297)],
             <Global 0x45e09a:1 bytes>: [('write', 4433373),
                                         ('write', 4433547)],
             <Global 0x45e0e2:1 bytes>: [('write', 4432723),
                                         ('write', 4432787)],
             <Global 0x45db1c:1 bytes>: [('read', 4433088),
                                         ('write', 4437501),
                                         ('write', 4440483),
                                         ('read', 4453265),
                                         ('read', 4453304),
                                         ('read', 4453343),
                                         ('read', 4453363),
                                         ('read', 4453439),
                                         ('read', 4453459)],
             <Global 0x45e0a4:1 bytes>: [('write', 4434578),
                                         ('write', 4434752)],
             <Global 0x45d972:1 bytes>: [('read', 4437580),
                                         ('read', 4440720),
                                         ('write', 4454555),
                                         ('write', 4454595),
                                         ('write', 4463104),
                                         ('write', 4463156)],
             <Global 0x45e094:1 bytes>: [('write', 4432650),
                                         ('write', 4432824)],
             <Global 0x45e0e3:1 bytes>: [('read', 4432696), ('read', 4432767)],
             <Global 0x45e09b:1 bytes>: [('read', 4433353), ('read', 4433538)],
             <Global 0x45e098:1 bytes>: [('write', 4433132),
                                         ('write', 4433306)]})
----------------------------------------
State variable candidate <Global 0x45d98c:1 bytes>,  offset = 0x6c
State variable candidate <Global 0x45d99c:1 bytes>,  offset = 0x7c
State variable candidate <Global 0x45d9ac:1 bytes>,  offset = 0x8c
State variable candidate <Global 0x45d9bc:1 bytes>,  offset = 0x9c
State variable candidate <Global 0x45d9cc:1 bytes>,  offset = 0xac
State variable candidate <Global 0x45d9dc:1 bytes>,  offset = 0xbc
State variable candidate <Global 0x45d9ec:1 bytes>,  offset = 0xcc
State variable candidate <Global 0x45d9fc:1 bytes>,  offset = 0xdc
State variable candidate <Global 0x45da0c:1 bytes>,  offset = 0xec
State variable candidate <Global 0x45da1c:1 bytes>,  offset = 0xfc
State variable candidate <Global 0x45da2c:1 bytes>,  offset = 0x10c
State variable candidate <Global 0x45da3c:1 bytes>,  offset = 0x11c
State variable candidate <Global 0x45da4c:1 bytes>,  offset = 0x12c
State variable candidate <Global 0x45da5c:1 bytes>,  offset = 0x13c
State variable candidate <Global 0x45da6c:1 bytes>,  offset = 0x14c
State variable candidate <Global 0x45da7c:1 bytes>,  offset = 0x15c
State variable candidate <Global 0x45da8c:1 bytes>,  offset = 0x16c
State variable candidate <Global 0x45da9c:1 bytes>,  offset = 0x17c
State variable candidate <Global 0x45daac:1 bytes>,  offset = 0x18c
State variable candidate <Global 0x45dabc:1 bytes>,  offset = 0x19c
State variable candidate <Global 0x45dacc:1 bytes>,  offset = 0x1ac
State variable candidate <Global 0x45dadc:1 bytes>,  offset = 0x1bc
State variable candidate <Global 0x45daec:1 bytes>,  offset = 0x1cc
State variable candidate <Global 0x45dafc:1 bytes>,  offset = 0x1dc
State variable candidate <Global 0x45db0c:1 bytes>,  offset = 0x1ec
State variable candidate <Global 0x45db1c:1 bytes>,  offset = 0x1fc
State variable candidate <Global 0x45db2c:1 bytes>,  offset = 0x20c
State variable candidate <Global 0x45db3c:1 bytes>,  offset = 0x21c
State variable candidate <Global 0x45db4c:1 bytes>,  offset = 0x22c
State variable candidate <Global 0x45db5c:1 bytes>,  offset = 0x23c
State variable candidate <Global 0x45db6c:1 bytes>,  offset = 0x24c
State variable candidate <Global 0x45db7c:1 bytes>,  offset = 0x25c
State variable candidate <Global 0x45db8c:1 bytes>,  offset = 0x26c
State variable candidate <Global 0x45db9c:1 bytes>,  offset = 0x27c
State variable candidate <Global 0x45dbac:1 bytes>,  offset = 0x28c
State variable candidate <Global 0x45dbbc:1 bytes>,  offset = 0x29c
State variable candidate <Global 0x45dbcc:1 bytes>,  offset = 0x2ac
State variable candidate <Global 0x45d936:1 bytes>,  offset = 0x16
State variable candidate <Global 0x45d940:1 bytes>,  offset = 0x20
State variable candidate <Global 0x45d942:1 bytes>,  offset = 0x22
State variable candidate <Global 0x45d944:1 bytes>,  offset = 0x24
State variable candidate <Global 0x45d946:1 bytes>,  offset = 0x26
State variable candidate <Global 0x45d948:1 bytes>,  offset = 0x28
State variable candidate <Global 0x45d94a:1 bytes>,  offset = 0x2a
State variable candidate <Global 0x45d94c:1 bytes>,  offset = 0x2c
State variable candidate <Global 0x45d94e:1 bytes>,  offset = 0x2e
State variable candidate <Global 0x45d950:1 bytes>,  offset = 0x30
State variable candidate <Global 0x45d952:1 bytes>,  offset = 0x32
State variable candidate <Global 0x45d954:1 bytes>,  offset = 0x34
State variable candidate <Global 0x45d956:1 bytes>,  offset = 0x36
State variable candidate <Global 0x45d958:1 bytes>,  offset = 0x38
State variable candidate <Global 0x45d95a:1 bytes>,  offset = 0x3a
State variable candidate <Global 0x45d95c:1 bytes>,  offset = 0x3c
State variable candidate <Global 0x45d95e:1 bytes>,  offset = 0x3e
State variable candidate <Global 0x45d960:1 bytes>,  offset = 0x40
State variable candidate <Global 0x45d962:1 bytes>,  offset = 0x42
State variable candidate <Global 0x45d964:1 bytes>,  offset = 0x44
State variable candidate <Global 0x45d966:1 bytes>,  offset = 0x46
State variable candidate <Global 0x45d968:1 bytes>,  offset = 0x48
State variable candidate <Global 0x45d96a:1 bytes>,  offset = 0x4a
State variable candidate <Global 0x45d96c:1 bytes>,  offset = 0x4c
State variable candidate <Global 0x45d96e:1 bytes>,  offset = 0x4e
State variable candidate <Global 0x45d970:1 bytes>,  offset = 0x50
State variable candidate <Global 0x45d972:1 bytes>,  offset = 0x52
State variable candidate <Global 0x45d974:1 bytes>,  offset = 0x54
State variable candidate <Global 0x45d976:1 bytes>,  offset = 0x56
State variable candidate <Global 0x45d978:1 bytes>,  offset = 0x58
State variable candidate <Global 0x45d97a:1 bytes>,  offset = 0x5a
State variable candidate <Global 0x45d97c:1 bytes>,  offset = 0x5c
State variable candidate <Global 0x45d97e:1 bytes>,  offset = 0x5e
State variable candidate <Global 0x45d980:1 bytes>,  offset = 0x60
State variable candidate <Global 0x45d982:1 bytes>,  offset = 0x62
State variable candidate <Global 0x45d984:1 bytes>,  offset = 0x64
